url,intent,valid,date
https://www.facebook.com/,yeet,no,2020-02-26 21:55:00 +0000 UTC
https://www.instagram.com/,do some work,yes,2020-02-26 21:59:00 +0000 UTC
https://www.facebook.com/,doing some work,yes,2020-02-27 03:49:00 +0000 UTC
https://www.instagram.com/,watch distracting videos,no,2020-02-27 06:44:00 +0000 UTC
https://www.facebook.com/,test,no,2020-02-27 21:10:00 +0000 UTC
https://www.facebook.com/,do some work,yes,2020-02-27 21:23:00 +0000 UTC
https://www.instagram.com/,watch videos,no,2020-02-27 21:24:00 +0000 UTC
https://www.instagram.com/,watch videos,no,2020-02-27 21:25:00 +0000 UTC
https://www.facebook.com/,test ?,no,2020-02-27 22:20:00 +0000 UTC
https://www.facebook.com/,do research for my english assignment,yes,2020-02-27 22:21:00 +0000 UTC
https://www.youtube.com/,relax for a bit,yes,2020-02-29 19:39:00 +0000 UTC
https://www.facebook.com/,just visit facebook,no,2020-03-02 05:27:00 +0000 UTC
https://www.reddit.com/,browsing before i start work,yes,2020-03-02 05:55:00 +0000 UTC
https://www.facebook.com/,checking news feed,yes,2020-03-02 05:56:00 +0000 UTC
https://www.youtube.com/,watch cute videos,no,2020-03-02 05:57:00 +0000 UTC
https://www.youtube.com/,watch a video before i work,yes,2020-03-02 05:57:00 +0000 UTC
https://www.facebook.com/,learn how to drive,yes,2020-03-02 06:56:00 +0000 UTC
https://www.facebook.com/,let me in,no,2020-03-02 06:56:00 +0000 UTC
https://www.facebook.com/,i want to learn about planets,yes,2020-03-02 06:56:00 +0000 UTC
https://www.messenger.com/,im triyng to message david about sdc tasks,yes,2020-03-02 07:05:00 +0000 UTC
https://www.messenger.com/,contact juanjuan about missing lights,yes,2020-03-02 07:21:00 +0000 UTC
https://www.messenger.com/,im trying to be productive please let me in,no,2020-03-02 07:21:00 +0000 UTC
https://www.messenger.com/,are you kiddding me,no,2020-03-02 07:21:00 +0000 UTC
https://www.messenger.com/,cmon,no,2020-03-02 07:21:00 +0000 UTC
https://www.messenger.com/,why,no,2020-03-02 07:21:00 +0000 UTC
https://www.messenger.com/,please,no,2020-03-02 07:21:00 +0000 UTC
https://www.messenger.com/,im trying to contact my team members,yes,2020-03-02 07:21:00 +0000 UTC
https://www.facebook.com/,check in with friends,no,2020-03-02 08:00:00 +0000 UTC
https://www.messenger.com/,submit my essay,yes,2020-03-02 16:37:00 +0000 UTC
https://www.messenger.com/,what do you mean,no,2020-03-02 16:37:00 +0000 UTC
https://www.facebook.com/,contact friends,yes,2020-03-02 17:29:00 +0000 UTC
https://www.messenger.com/,taking a break from writing my written task,yes,2020-03-02 18:09:00 +0000 UTC
https://www.facebook.com/,tkaing a break form writing my written task,no,2020-03-02 18:09:00 +0000 UTC
https://www.facebook.com/,ok whats going on here,no,2020-03-02 18:11:00 +0000 UTC
https://www.messenger.com/,tell friends about reflect,yes,2020-03-02 18:16:00 +0000 UTC
https://www.youtube.com/,put on some music,yes,2020-03-02 19:05:00 +0000 UTC
https://www.youtube.com/,put background music,yes,2020-03-02 19:06:00 +0000 UTC
https://www.messenger.com/,work on my tok essay,yes,2020-03-02 19:22:00 +0000 UTC
https://www.youtube.com/,text my friends,no,2020-03-02 19:23:00 +0000 UTC
https://www.messenger.com/t/howaboutyu,texting my friend,no,2020-03-02 19:26:00 +0000 UTC
https://www.messenger.com/t/howaboutyu,to work on sdc stuff,yes,2020-03-02 19:26:00 +0000 UTC
https://www.youtube.com/,to watch youtube,no,2020-03-02 19:28:00 +0000 UTC
https://www.youtube.com/,to check a video for hw,yes,2020-03-02 19:28:00 +0000 UTC
https://www.facebook.com/dialog/send?app_id=174829003346&link=https%3A%2F%2Fopen.spotify.com%2Fplaylist%2F0iGBqvqjgIY4VPQP4CJCli%3Fsi%3D1WoQYR6GQq2-Q5uFZzbLkg&redirect_uri=https%3A%2F%2Fwww.spotify.com%2Fthanks-for-sharing%2F,send bryan a playlist,no,2020-03-02 19:34:00 +0000 UTC
https://www.youtube.com/,research for my tok essay,yes,2020-03-02 19:45:00 +0000 UTC
https://www.facebook.com/,respond to a comment on my page,yes,2020-03-02 19:54:00 +0000 UTC
https://www.instagram.com/,make an instagram account for reflect,yes,2020-03-02 19:56:00 +0000 UTC
https://www.messenger.com/,to talk to friends,no,2020-03-02 20:35:00 +0000 UTC
https://www.facebook.com/,to distract myself,no,2020-03-02 20:35:00 +0000 UTC
https://www.facebook.com/,to work on something productive,yes,2020-03-02 20:35:00 +0000 UTC
https://www.youtube.com/,to vibe out,no,2020-03-02 20:36:00 +0000 UTC
https://www.youtube.com/,taking a lunch break,yes,2020-03-02 21:32:00 +0000 UTC
https://www.facebook.com/,message a friend,no,2020-03-02 21:50:00 +0000 UTC
https://www.reddit.com/r/offlinetv,take a quick break,yes,2020-03-02 22:25:00 +0000 UTC
https://www.reddit.com/r/offlineTV/comments/fc94bv/as_a_wise_boomer_has_once_said_dogs_know_best/,take a quick break,yes,2020-03-02 22:31:00 +0000 UTC
https://www.facebook.com/,message a friend,no,2020-03-03 00:15:00 +0000 UTC
https://www.youtube.com/,.,no,2020-03-03 00:19:00 +0000 UTC
https://www.youtube.com/,take a quick break,yes,2020-03-03 00:21:00 +0000 UTC
https://www.youtube.com/watch?v=BFtkvIWyZlw,take a break,yes,2020-03-03 00:37:00 +0000 UTC
https://www.youtube.com/watch?v=qZN5kkx6bq4,taking a quick break,yes,2020-03-03 00:53:00 +0000 UTC
https://www.youtube.com/,take a break from my day,yes,2020-03-03 01:15:00 +0000 UTC
https://www.messenger.com/,send a link to ellen,no,2020-03-03 01:16:00 +0000 UTC
https://www.facebook.com/,scroll down my wall,no,2020-03-03 01:31:00 +0000 UTC
https://www.facebook.com/,take a look at what friends are doing,no,2020-03-03 01:31:00 +0000 UTC
https://www.messenger.com/,check up on friends,yes,2020-03-03 02:42:00 +0000 UTC
https://www.facebook.com/,take a break,yes,2020-03-03 02:48:00 +0000 UTC
https://www.facebook.com/groups/subtleasianmentalhealth/permalink/624191218137815/,read an interesting post,yes,2020-03-03 02:55:00 +0000 UTC
https://www.youtube.com/,not get sick,no,2020-03-03 03:00:00 +0000 UTC
https://www.youtube.com/,watch some jubilee,no,2020-03-03 03:00:00 +0000 UTC
https://www.youtube.com/,learn about math,yes,2020-03-03 03:00:00 +0000 UTC
https://www.messenger.com/,send a video to a friend,no,2020-03-03 03:07:00 +0000 UTC
https://www.youtube.com/watch?v=z0A5NZrFR5w,learn,yes,2020-03-03 03:09:00 +0000 UTC
https://www.youtube.com/watch?v=z0A5NZrFR5w,learn something new,yes,2020-03-03 03:09:00 +0000 UTC
https://www.messenger.com/,text rachel about a missed meetng,yes,2020-03-03 04:11:00 +0000 UTC
https://www.facebook.com/,check up on my feed,no,2020-03-03 04:12:00 +0000 UTC
https://www.messenger.com/,talk to david about rachels performace review,yes,2020-03-03 04:25:00 +0000 UTC
https://www.messenger.com/,trying to do a better job at my essay,no,2020-03-03 04:25:00 +0000 UTC
https://www.youtube.com/watch?v=ft6W28g2KpE,check out new youtubers,no,2020-03-03 04:26:00 +0000 UTC
https://www.youtube.com/watch?v=HeTygKpi6pI&list=TLPQMDMwMzIwMjDfS1s7ZJm9iQ&index=3,take a quick break,yes,2020-03-03 04:37:00 +0000 UTC
https://www.youtube.com/watch?v=7VTT8oX6qrk,work,yes,2020-03-03 04:42:00 +0000 UTC
https://www.reddit.com/r/offlinetv,take a quick break,yes,2020-03-03 04:43:00 +0000 UTC
https://www.youtube.com/watch?v=B5aQ-AWJDE8,take a break,yes,2020-03-03 04:45:00 +0000 UTC
https://www.instagram.com/avocadopeel/?hl=en,check out work,yes,2020-03-03 04:50:00 +0000 UTC
https://twitter.com/avocadopeeled?lang=en,work,yes,2020-03-03 04:50:00 +0000 UTC
https://www.messenger.com/,show jacky new song,no,2020-03-03 05:05:00 +0000 UTC
https://www.messenger.com/,show friends new song on playlist,yes,2020-03-03 05:06:00 +0000 UTC
https://www.messenger.com/,work,yes,2020-03-03 05:27:00 +0000 UTC
https://www.facebook.com/,work,yes,2020-03-03 05:27:00 +0000 UTC
https://www.facebook.com/,to do some marketing,yes,2020-03-03 07:12:00 +0000 UTC
https://www.instagram.com/,i cannot focus on my work,no,2020-03-03 18:26:00 +0000 UTC
https://www.facebook.com/,i'm trying to fuel my crippling social media addiction,no,2020-03-03 18:31:00 +0000 UTC
https://www.facebook.com/,watch youtube videos,no,2020-03-03 18:49:00 +0000 UTC
https://www.facebook.com/,learn something new,yes,2020-03-03 18:49:00 +0000 UTC
https://www.facebook.com/,study,yes,2020-03-03 21:03:00 +0000 UTC
https://www.facebook.com/,help,no,2020-03-03 21:03:00 +0000 UTC
https://www.facebook.com/,focus,no,2020-03-03 21:03:00 +0000 UTC
https://www.facebook.com/,focus,no,2020-03-03 21:03:00 +0000 UTC
https://www.facebook.com/,study,yes,2020-03-03 21:03:00 +0000 UTC
https://www.facebook.com/,talk with friends,no,2020-03-03 21:03:00 +0000 UTC
https://www.youtube.com/,watch shows,no,2020-03-03 21:04:00 +0000 UTC
https://www.youtube.com/,watch a video,no,2020-03-03 21:04:00 +0000 UTC
https://www.youtube.com/,nothing,no,2020-03-03 21:05:00 +0000 UTC
https://www.youtube.com/,learn something,no,2020-03-03 21:06:00 +0000 UTC
https://www.youtube.com/,take a quick break,yes,2020-03-03 21:12:00 +0000 UTC
https://www.facebook.com/,club,yes,2020-03-03 21:30:00 +0000 UTC
https://www.facebook.com/groups/UBC2023official/,chat,no,2020-03-04 00:40:00 +0000 UTC
https://www.facebook.com/groups/UBC2023official/,friends,no,2020-03-04 00:40:00 +0000 UTC
https://www.facebook.com/groups/UBC2023official/,club,yes,2020-03-04 00:40:00 +0000 UTC
https://www.facebook.com/,responding to messages,no,2020-03-04 00:42:00 +0000 UTC
https://www.facebook.com/,talk to my group,no,2020-03-04 00:42:00 +0000 UTC
https://www.facebook.com/,check out HackTech,yes,2020-03-04 01:43:00 +0000 UTC
https://www.youtube.com/,yes,no,2020-03-04 02:49:00 +0000 UTC
https://www.youtube.com/,waste less time,no,2020-03-04 02:49:00 +0000 UTC
https://www.youtube.com/,waste less time every day,no,2020-03-04 02:49:00 +0000 UTC
https://www.youtube.com/,what whathw tpwejofjwef,no,2020-03-04 02:49:00 +0000 UTC
https://www.youtube.com/,fnwwhwtweniofeonfsnfenflsfesfssfewfewfwefwfwfwe,no,2020-03-04 02:50:00 +0000 UTC
https://www.youtube.com/,wastewfmaodwmdada,no,2020-03-04 02:51:00 +0000 UTC
https://www.youtube.com/,waste less timew every single day in total yes,no,2020-03-04 02:51:00 +0000 UTC
https://www.youtube.com/,learn new things,no,2020-03-04 02:51:00 +0000 UTC
https://www.instagram.com/,look at some cat pictures,no,2020-03-04 02:58:00 +0000 UTC
https://www.instagram.com/,look at some cat photos,no,2020-03-04 02:58:00 +0000 UTC
https://www.instagram.com/,look at cat pictures,no,2020-03-04 02:58:00 +0000 UTC
https://www.facebook.com/,check my facebook status,no,2020-03-04 02:59:00 +0000 UTC
https://www.instagram.com/,research,no,2020-03-04 02:59:00 +0000 UTC
https://www.instagram.com/,find cat photos and save it for my computer vision course,yes,2020-03-04 02:59:00 +0000 UTC
https://www.instagram.com/,find images that I can save and use for my computer vision course,yes,2020-03-04 03:00:00 +0000 UTC
https://www.youtube.com/,check on Clemente's algoexpert's contest and my channel as well.,yes,2020-03-04 03:01:00 +0000 UTC
https://ca.yahoo.com/,asdkfjasldgjsaldgkjsaldkgjasldjgasldkgjaslkdjgalskdjglaskjdglaskjdglaks,no,2020-03-04 03:02:00 +0000 UTC
https://ca.yahoo.com/,sf;ksja aslkd jfa;sldk jasdlk jaflskdj lskj ewlk jasli fjoewij askj faiwoej ajdf kl,no,2020-03-04 03:02:00 +0000 UTC
https://ca.yahoo.com/,i'm just trying to get on this website so i can help jacky test this new project,no,2020-03-04 03:02:00 +0000 UTC
https://www.facebook.com/,well hello mountains stars I'm cat pen trying calculator wallet earphones,no,2020-03-04 03:02:00 +0000 UTC
https://www.facebook.com/,what determines productivity in this case? I don't really understand,no,2020-03-04 03:03:00 +0000 UTC
https://ca.yahoo.com/,"reflect mountain trees I'm research trying northern lights, magnets. Also, yellow science sword",no,2020-03-04 03:16:00 +0000 UTC
https://www.reddit.com/r/MechanicalKeyboards/comments/faf0ev/kaiju_inbound_march_4th_on_drop_120_full_base_kit/,view a quick post,yes,2020-03-04 03:32:00 +0000 UTC
https://www.facebook.com/,learn something new,no,2020-03-04 05:11:00 +0000 UTC
https://www.youtube.com/,take a quick break,yes,2020-03-04 05:12:00 +0000 UTC
https://twitter.com/home,job search,yes,2020-03-04 06:35:00 +0000 UTC
https://www.facebook.com/messages/t/689047003/,chat,no,2020-03-04 06:38:00 +0000 UTC
https://www.facebook.com/messages/t/689047003/,club,yes,2020-03-04 06:38:00 +0000 UTC
https://twitter.com/home,find jacky's twitter,no,2020-03-04 06:59:00 +0000 UTC
https://twitter.com/home,do work,yes,2020-03-04 07:00:00 +0000 UTC
https://twitter.com/home,work,yes,2020-03-04 07:12:00 +0000 UTC
https://www.facebook.com/,work,yes,2020-03-04 07:15:00 +0000 UTC
https://www.youtube.com/,learn something new,no,2020-03-04 07:45:00 +0000 UTC
https://www.youtube.com/,4,no,2020-03-04 07:46:00 +0000 UTC
https://www.youtube.com/,2,no,2020-03-04 07:46:00 +0000 UTC
https://www.youtube.com/,2,no,2020-03-04 07:46:00 +0000 UTC
https://www.youtube.com/,become a better person,no,2020-03-04 07:46:00 +0000 UTC
https://www.facebook.com/,just let me in,no,2020-03-04 07:47:00 +0000 UTC
https://www.facebook.com/,yes,no,2020-03-04 07:47:00 +0000 UTC
https://www.facebook.com/,please,no,2020-03-04 07:47:00 +0000 UTC
https://www.facebook.com/,come on,no,2020-03-04 07:47:00 +0000 UTC
https://www.facebook.com/,fwork,no,2020-03-04 10:29:00 +0000 UTC
https://www.facebook.com/,work,yes,2020-03-04 10:29:00 +0000 UTC
https://www.facebook.com/,mindlessly scroll for a little bit,no,2020-03-04 10:52:00 +0000 UTC
https://www.facebook.com/,talk to friends,no,2020-03-04 17:34:00 +0000 UTC
https://www.facebook.com/,message jacky about reflect,yes,2020-03-04 17:34:00 +0000 UTC
https://twitter.com/tsuu019,apply to jobs,yes,2020-03-04 18:57:00 +0000 UTC
https://twitter.com/tsuu019,job applicatin,yes,2020-03-04 18:57:00 +0000 UTC
https://twitter.com/tsuu019,work,yes,2020-03-04 18:57:00 +0000 UTC
https://twitter.com/home,work,yes,2020-03-04 21:11:00 +0000 UTC
https://www.facebook.com/groups/119194305267824/,chat,no,2020-03-05 00:25:00 +0000 UTC
https://www.facebook.com/groups/119194305267824/,club,yes,2020-03-05 00:25:00 +0000 UTC
https://www.facebook.com/,work,yes,2020-03-05 01:08:00 +0000 UTC
https://www.facebook.com/,club,yes,2020-03-05 01:20:00 +0000 UTC
https://www.facebook.com/samantha.czulinski,club,yes,2020-03-05 01:29:00 +0000 UTC
https://www.facebook.com/,club,yes,2020-03-05 01:54:00 +0000 UTC
https://www.facebook.com/,work,yes,2020-03-05 02:52:00 +0000 UTC
https://www.facebook.com/messages/t/100000390614625/,club,yes,2020-03-05 03:13:00 +0000 UTC
https://www.youtube.com/,work,yes,2020-03-05 03:21:00 +0000 UTC
https://www.instagram.com/vhhacks/?hl=en,work,yes,2020-03-05 03:32:00 +0000 UTC
https://www.instagram.com/,test something for sdc,yes,2020-03-05 04:32:00 +0000 UTC
https://www.facebook.com/,wrok,no,2020-03-05 04:49:00 +0000 UTC
https://www.facebook.com/,work,yes,2020-03-05 04:49:00 +0000 UTC
https://www.facebook.com/,work,yes,2020-03-05 05:22:00 +0000 UTC
https://www.facebook.com/,work,yes,2020-03-05 05:35:00 +0000 UTC
https://www.facebook.com/,work,yes,2020-03-05 06:01:00 +0000 UTC
https://www.youtube.com/,work,yes,2020-03-05 06:07:00 +0000 UTC
https://www.facebook.com/,work,yes,2020-03-05 06:12:00 +0000 UTC
https://www.facebook.com/,work,yes,2020-03-05 07:29:00 +0000 UTC
https://www.facebook.com/messages/t/3161738330565048/,club,yes,2020-03-05 08:55:00 +0000 UTC
https://twitter.com/home,quick check before work,no,2020-03-05 17:01:00 +0000 UTC
https://www.facebook.com/,work,yes,2020-03-05 20:00:00 +0000 UTC
https://www.facebook.com/,work,yes,2020-03-05 20:09:00 +0000 UTC
https://www.youtube.com/,take a break,no,2020-03-05 20:21:00 +0000 UTC
https://twitter.com/alexandr_wang?ref_src=twsrc%5Egoogle%7Ctwcamp%5Eserp%7Ctwgr%5Eauthor,work,yes,2020-03-05 20:32:00 +0000 UTC
https://www.youtube.com/channel/UCV0qA-eDDICsRR9rPcnG7tw,work,yes,2020-03-05 20:39:00 +0000 UTC
https://www.youtube.com/watch?v=OoIBPIm4T2o,job search,yes,2020-03-05 20:45:00 +0000 UTC
https://www.facebook.com/,add team members on facebook,yes,2020-03-05 21:02:00 +0000 UTC
https://www.facebook.com/emily.deutsch.338,work,yes,2020-03-05 21:11:00 +0000 UTC
https://www.youtube.com/,learn some things i guess,yes,2020-03-05 23:39:00 +0000 UTC
https://www.facebook.com/,learn,yes,2020-03-06 00:02:00 +0000 UTC
https://www.facebook.com/,learn,yes,2020-03-06 00:02:00 +0000 UTC
https://www.facebook.com/,learn,yes,2020-03-06 00:02:00 +0000 UTC
https://www.facebook.com/,learn shit,no,2020-03-06 00:02:00 +0000 UTC
https://www.facebook.com/,learn how to shit,no,2020-03-06 00:02:00 +0000 UTC
https://www.facebook.com/,learn react,yes,2020-03-06 00:02:00 +0000 UTC
https://www.facebook.com/,check messages,no,2020-03-06 00:03:00 +0000 UTC
https://www.youtube.com/,work,yes,2020-03-06 01:22:00 +0000 UTC
https://www.facebook.com/,work,yes,2020-03-06 01:38:00 +0000 UTC
https://www.youtube.com/watch?v=zGV_CHr9qmQ,work,yes,2020-03-06 02:08:00 +0000 UTC
https://www.facebook.com/,work,yes,2020-03-06 02:25:00 +0000 UTC
https://www.facebook.com/hao.lucyy,work,yes,2020-03-06 04:55:00 +0000 UTC
https://www.youtube.com/watch?v=t3O6vA0UL3k,work,yes,2020-03-06 06:10:00 +0000 UTC
https://www.youtube.com/watch?v=bM-3PydkMBg,learn how to use adobe dimension,yes,2020-03-06 06:28:00 +0000 UTC
https://www.youtube.com/watch?v=dDCjXukqunM,work,yes,2020-03-06 06:38:00 +0000 UTC
https://www.facebook.com/,work,yes,2020-03-06 08:16:00 +0000 UTC
https://www.facebook.com/messages/t/100009939046709/,club,no,2020-03-06 18:54:00 +0000 UTC
https://www.facebook.com/messages/t/100010894060471/,club,no,2020-03-06 20:55:00 +0000 UTC
https://www.youtube.com/,waste time,no,2020-03-07 03:13:00 +0000 UTC
https://www.youtube.com/,look into science,yes,2020-03-07 03:13:00 +0000 UTC
https://www.youtube.com/,do research for my philosophy paper by watching ted talks,yes,2020-03-07 03:14:00 +0000 UTC
https://www.youtube.com/,watch funny youtube videos,no,2020-03-07 04:55:00 +0000 UTC
https://www.youtube.com/,message my friends,no,2020-03-07 04:55:00 +0000 UTC
https://www.facebook.com/,text friends,no,2020-03-07 16:33:00 +0000 UTC
https://www.facebook.com/,ask a question,yes,2020-03-07 16:33:00 +0000 UTC
https://www.youtube.com/,test this extension,yes,2020-03-07 19:11:00 +0000 UTC
https://www.youtube.com/,test,yes,2020-03-07 19:11:00 +0000 UTC
https://www.youtube.com/,watch videos,no,2020-03-07 19:11:00 +0000 UTC
https://www.youtube.com/,research,yes,2020-03-07 19:11:00 +0000 UTC
https://www.youtube.com/,Do research,yes,2020-03-07 19:12:00 +0000 UTC
https://www.netflix.com/browse,relax,yes,2020-03-07 19:13:00 +0000 UTC
https://www.netflix.com/browse,study,yes,2020-03-07 19:13:00 +0000 UTC
https://www.netflix.com/browse,learn something new,yes,2020-03-07 19:13:00 +0000 UTC
https://www.facebook.com/,research,yes,2020-03-07 19:34:00 +0000 UTC
https://www.facebook.com/,contact anson,yes,2020-03-07 19:34:00 +0000 UTC
https://www.facebook.com/,provide feedback for anson's project,yes,2020-03-07 19:34:00 +0000 UTC
https://www.facebook.com/,work,yes,2020-03-07 19:36:00 +0000 UTC
https://www.youtube.com/watch?v=0iiIF3UqTQY,download music for a project,yes,2020-03-07 19:38:00 +0000 UTC
https://writetheworld.com/users/sign_in,just pulling up random sites to get a feel for the extension,no,2020-03-07 19:50:00 +0000 UTC
https://www.facebook.com/,work,yes,2020-03-07 19:57:00 +0000 UTC
https://writetheworld.com/dashboard,bask in the positive affirmation of this site,no,2020-03-07 19:58:00 +0000 UTC
https://www.facebook.com/eaternity,work,yes,2020-03-07 21:43:00 +0000 UTC
https://twitter.com/,work,yes,2020-03-07 21:47:00 +0000 UTC
https://www.instagram.com/,work,yes,2020-03-07 22:47:00 +0000 UTC
https://www.youtube.com/feed/subscriptions,watch stuff,no,2020-03-07 23:17:00 +0000 UTC
https://www.youtube.com/feed/subscriptions,watch videos for science,yes,2020-03-07 23:17:00 +0000 UTC
https://www.youtube.com/feed/subscriptions,science class,yes,2020-03-07 23:17:00 +0000 UTC
https://www.youtube.com/feed/subscriptions,chemistry,yes,2020-03-07 23:17:00 +0000 UTC
https://www.youtube.com/feed/subscriptions,chemistry videos,yes,2020-03-07 23:17:00 +0000 UTC
https://www.youtube.com/,relaxing i've done enough studying,yes,2020-03-07 23:38:00 +0000 UTC
https://twitter.com/,he,no,2020-03-07 23:39:00 +0000 UTC
https://twitter.com/,eat,no,2020-03-07 23:39:00 +0000 UTC
https://twitter.com/,sur,no,2020-03-07 23:39:00 +0000 UTC
https://twitter.com/,surf,no,2020-03-07 23:39:00 +0000 UTC
https://twitter.com/,watch ads,no,2020-03-07 23:39:00 +0000 UTC
https://twitter.com/,know how much this thing lasts for,no,2020-03-07 23:40:00 +0000 UTC
https://twitter.com/,know how to make cookies,yes,2020-03-07 23:46:00 +0000 UTC
https://twitter.com/,to test how well reflect works,no,2020-03-07 23:47:00 +0000 UTC
https://www.youtube.com/watch?v=r6Ujh6tMimE,work,yes,2020-03-07 23:51:00 +0000 UTC
https://www.youtube.com/watch?v=E6c3DGnvefY,work,yes,2020-03-08 00:25:00 +0000 UTC
https://twitter.com/hootsuite?ref_src=twsrc%5Egoogle%7Ctwcamp%5Eserp%7Ctwgr%5Eauthor,work,yes,2020-03-08 00:29:00 +0000 UTC
https://www.youtube.com/watch?v=KC3DEi_N63s,learn how to code,yes,2020-03-08 02:01:00 +0000 UTC
https://www.youtube.com/watch?v=KC3DEi_N63s,learn how to program,yes,2020-03-08 02:01:00 +0000 UTC
https://www.youtube.com/watch?v=KC3DEi_N63s,learn how to code,yes,2020-03-08 02:04:00 +0000 UTC
https://www.youtube.com/watch?v=KC3DEi_N63s,learn how to code in objective c,yes,2020-03-08 02:07:00 +0000 UTC
https://www.youtube.com/watch?v=KC3DEi_N63s,i'm trying to learn the programming language objective c,yes,2020-03-08 02:07:00 +0000 UTC
https://www.facebook.com/,i want to watch a programming tutorial for objective c,yes,2020-03-08 02:10:00 +0000 UTC
https://www.instagram.com/,learn how to program in objective c,yes,2020-03-08 02:10:00 +0000 UTC
https://www.instagram.com/,learning how to code in objective c,yes,2020-03-08 02:10:00 +0000 UTC
https://www.instagram.com/,to learn how to program,yes,2020-03-08 02:11:00 +0000 UTC
https://www.instagram.com/,to learn how to code in objective c,yes,2020-03-08 02:12:00 +0000 UTC
https://www.instagram.com/,learn what a cross entropy equation is,yes,2020-03-08 02:13:00 +0000 UTC
https://www.youtube.com/,learn how to make k-nearest neighbors in python,yes,2020-03-08 02:13:00 +0000 UTC
https://www.youtube.com/,i'm trying to learn how to make a k-nearest neighbor in python,yes,2020-03-08 02:13:00 +0000 UTC
https://www.youtube.com/,to learn about tensorflow,yes,2020-03-08 02:19:00 +0000 UTC
https://www.youtube.com/watch?v=KC3DEi_N63s,i need to learn how to program in js,yes,2020-03-08 02:41:00 +0000 UTC
https://twitter.com/home,relax a bit,yes,2020-03-08 04:09:00 +0000 UTC
https://www.instagram.com/sasha___obama/?hl=en,i have to do my research on sasha obama's major,yes,2020-03-08 04:19:00 +0000 UTC
https://www.reddit.com/r/csMajors/,chill on reddit,no,2020-03-08 04:24:00 +0000 UTC
https://twitter.com/home,testing this out,yes,2020-03-08 04:32:00 +0000 UTC
https://twitter.com/home,chill,no,2020-03-08 04:43:00 +0000 UTC
https://twitter.com/home,relax,yes,2020-03-08 04:43:00 +0000 UTC
https://twitter.com/home,relax and test,yes,2020-03-08 04:43:00 +0000 UTC
https://twitter.com/home,search for articles,yes,2020-03-08 04:43:00 +0000 UTC
https://www.facebook.com/,connect with friends,yes,2020-03-08 04:52:00 +0000 UTC
https://www.facebook.com/,testing,no,2020-03-08 05:07:00 +0000 UTC
https://www.facebook.com/,finding housing,yes,2020-03-08 05:07:00 +0000 UTC
https://www.facebook.com/,find housing,yes,2020-03-08 05:07:00 +0000 UTC
https://www.facebook.com/,find housing,yes,2020-03-08 05:07:00 +0000 UTC
https://www.facebook.com/,make connections,yes,2020-03-08 05:07:00 +0000 UTC
https://www.facebook.com/,doing homework,yes,2020-03-08 05:07:00 +0000 UTC
https://www.facebook.com/,to do homework,yes,2020-03-08 05:10:00 +0000 UTC
https://www.youtube.com/watch?v=mAJeK283j0I,work,yes,2020-03-08 05:36:00 +0000 UTC
https://www.youtube.com/watch?v=BF4yvhpMPcg,work,yes,2020-03-08 06:19:00 +0000 UTC
https://www.facebook.com/,work,yes,2020-03-08 07:30:00 +0000 UTC
https://www.youtube.com/watch?v=t7ACDCfRG5E,work,yes,2020-03-08 08:00:00 +0000 UTC
https://www.youtube.com/watch?v=yQUV6RwjC10,work,yes,2020-03-08 08:26:00 +0000 UTC
https://www.youtube.com/watch?v=VAl3MfNFk0c,learn how they make bounces,yes,2020-03-08 08:37:00 +0000 UTC
https://www.youtube.com/results?search_query=sliding+up+panel+flutter&sp=eAE%253D,work,yes,2020-03-08 09:17:00 +0000 UTC
https://www.facebook.com/,homewokr,yes,2020-03-08 09:49:00 +0000 UTC
https://www.facebook.com/,homework,yes,2020-03-08 09:49:00 +0000 UTC
https://www.facebook.com/,doing homework,yes,2020-03-08 09:49:00 +0000 UTC
https://www.youtube.com/watch?v=bgIUdb-7Rqo,work,yes,2020-03-08 11:35:00 +0000 UTC
https://www.youtube.com/watch?v=PjH3gI1FXLM,work,yes,2020-03-08 13:46:00 +0000 UTC
https://www.youtube.com/watch?v=PzjPu5F9K9Y,learn,yes,2020-03-08 15:00:00 +0000 UTC
https://www.youtube.com/watch?v=PzjPu5F9K9Y,learn something new,yse,2020-03-08 15:00:00 +0000 UTC
https://www.youtube.com/watch?v=ST6DOO11zuA,work,yes,2020-03-08 15:10:00 +0000 UTC
https://www.youtube.com/watch?v=e_ZvUtC-Opk,learn something new,yes,2020-03-08 15:33:00 +0000 UTC
https://www.messenger.com/,be productive,yes,2020-03-08 15:46:00 +0000 UTC
https://www.youtube.com/watch?v=1UniHxxDsdE,be productive,yes,2020-03-08 15:49:00 +0000 UTC
https://www.youtube.com/?feature=youtu.be,learn something new,yes,2020-03-08 15:57:00 +0000 UTC
https://www.youtube.com/,testing the accuracy of the nlp model in this extension is there a word limit?,yes,2020-03-08 17:27:00 +0000 UTC
https://www.youtube.com/watch?v=8cufpQlHUOE,work,yse,2020-03-08 17:41:00 +0000 UTC
https://www.youtube.com/watch?v=A4tqbUcN_Hs,learn how to make somehting in aftereffcts,yes,2020-03-08 17:48:00 +0000 UTC
https://www.youtube.com/watch?v=A4tqbUcN_Hs,learn ow to make something in aftereffects,yes,2020-03-08 17:48:00 +0000 UTC
https://www.reddit.com/r/mac/comments/9kbwlj/better_to_buy_new_or_refurbished_macbook_pro/,looking up information,yes,2020-03-08 18:35:00 +0000 UTC
https://www.facebook.com/,do work,yes,2020-03-09 01:41:00 +0000 UTC
https://www.instagram.com/this_is_harm_reduction/?hl=en,be social,yes,2020-03-09 01:42:00 +0000 UTC
https://twitter.com/?lang=en,connect with freinds,yes,2020-03-09 01:43:00 +0000 UTC
https://twitter.com/?lang=en,be social,yes,2020-03-09 01:43:00 +0000 UTC
https://business.facebook.com/UBC.SciencesPo/posts/?ref=page_internal,learn,yes,2020-03-09 01:48:00 +0000 UTC
https://business.facebook.com/UBC.SciencesPo/posts/?ref=page_internal,be social,yes,2020-03-09 01:49:00 +0000 UTC
https://www.youtube.com/,I'm taking a break after finishing my practice midterm to watch a ufc fight,yes,2020-03-09 03:54:00 +0000 UTC
https://www.facebook.com/SDCFdn/,work,yes,2020-03-09 05:49:00 +0000 UTC
https://www.facebook.com/settings?tab=your_facebook_information,homework,yes,2020-03-09 08:41:00 +0000 UTC
https://www.facebook.com/settings?tab=your_facebook_information,homework,yes,2020-03-09 08:41:00 +0000 UTC
https://www.facebook.com/settings?tab=your_facebook_information,research,yes,2020-03-09 08:41:00 +0000 UTC
https://www.facebook.com/,work,yes,2020-03-09 16:41:00 +0000 UTC
https://www.facebook.com/,work,yes,2020-03-09 18:32:00 +0000 UTC
https://www.facebook.com/,work,yes,2020-03-09 21:28:00 +0000 UTC
https://www.facebook.com/,work,yes,2020-03-09 21:46:00 +0000 UTC
https://www.facebook.com/,ask ryan about twilio,yes,2020-03-09 23:11:00 +0000 UTC
https://www.facebook.com/,testing this out to see if anything pops up,yes,2020-03-10 00:15:00 +0000 UTC
https://www.youtube.com/,procrastinate hw,yes,2020-03-10 00:27:00 +0000 UTC
https://www.youtube.com/,watch youtube,yes,2020-03-10 00:27:00 +0000 UTC
https://www.facebook.com/,testing this out with other extensions disabled,yes,2020-03-10 00:28:00 +0000 UTC
https://twitter.com/home,i'm trying to test jkc's app,yes,2020-03-10 00:57:00 +0000 UTC
https://twitter.com/home,homework,yes,2020-03-10 00:58:00 +0000 UTC
https://twitter.com/home,study,yes,2020-03-10 00:58:00 +0000 UTC
https://twitter.com/home,homework,yes,2020-03-10 01:00:00 +0000 UTC
https://twitter.com/home,do homework,yes,2020-03-10 01:00:00 +0000 UTC
https://www.youtube.com/watch?v=-xQmjcP7Lyg&feature=youtu.be,do some studying,yes,2020-03-10 01:20:00 +0000 UTC
https://www.youtube.com/watch?v=5SP9ozIIrn0,studying,yes,2020-03-10 01:32:00 +0000 UTC
https://www.youtube.com/watch?v=5SP9ozIIrn0,study,yes,2020-03-10 01:32:00 +0000 UTC
https://www.youtube.com/watch?v=5SP9ozIIrn0,to study,yes,2020-03-10 01:32:00 +0000 UTC
https://www.youtube.com/watch?v=5SP9ozIIrn0,trying to study,yes,2020-03-10 01:32:00 +0000 UTC
https://www.youtube.com/watch?v=5SP9ozIIrn0,im studying,yes,2020-03-10 01:32:00 +0000 UTC
https://www.youtube.com/watch?v=5SP9ozIIrn0,going to study,yes,2020-03-10 01:32:00 +0000 UTC
https://www.youtube.com/watch?v=5SP9ozIIrn0,review,yes,2020-03-10 01:32:00 +0000 UTC
https://www.youtube.com/watch?v=5SP9ozIIrn0,read,yes,2020-03-10 01:32:00 +0000 UTC
https://www.youtube.com/watch?v=5SP9ozIIrn0,checking homework,yes,2020-03-10 01:32:00 +0000 UTC
https://www.youtube.com/watch?v=5SP9ozIIrn0,doing homework,yes,2020-03-10 01:32:00 +0000 UTC
https://www.youtube.com/watch?v=5SP9ozIIrn0,do homework,yes,2020-03-10 01:42:00 +0000 UTC
https://twitter.com/home,do homework,yes,2020-03-10 01:44:00 +0000 UTC
https://www.facebook.com/,work on some things,yes,2020-03-10 05:40:00 +0000 UTC
https://www.youtube.com/channel/UCwWZhJbtgGC6XBQMfSxwdrA,work,yes,2020-03-10 05:45:00 +0000 UTC
https://twitter.com/,watch hentai,no,2020-03-10 12:38:00 +0000 UTC
https://twitter.com/,i need to make a business advertisement,yes,2020-03-10 12:38:00 +0000 UTC
https://www.facebook.com/,wish rebecca happy brithday,no,2020-03-10 18:33:00 +0000 UTC
https://www.facebook.com/,send a happy birthday message to a friend,yes,2020-03-10 18:33:00 +0000 UTC
https://www.facebook.com/,Look at memes,no,2020-03-10 18:51:00 +0000 UTC
https://www.facebook.com/,Talk with my coworkers about a project,yes,2020-03-10 18:52:00 +0000 UTC
https://www.youtube.com/,watch a documentary,no,2020-03-10 18:53:00 +0000 UTC
https://www.youtube.com/,watch a documentary for school \,yes,2020-03-10 18:53:00 +0000 UTC
https://www.facebook.com/,work on some things,yes,2020-03-10 19:13:00 +0000 UTC
https://www.facebook.com/,be social,no,2020-03-10 20:04:00 +0000 UTC
https://www.youtube.com/,take a break from this bs,no,2020-03-10 22:13:00 +0000 UTC
https://www.facebook.com/,work,yes,2020-03-10 22:45:00 +0000 UTC
https://www.instagram.com/,take a look at some memes,no,2020-03-10 22:56:00 +0000 UTC
https://www.youtube.com/,watch some videos,yes,2020-03-10 23:03:00 +0000 UTC
https://www.youtube.com/,watch some videos while i eat,no,2020-03-10 23:03:00 +0000 UTC
https://www.youtube.com/,learn something new about math,yes,2020-03-10 23:03:00 +0000 UTC
https://www.reddit.com/r/SCP/comments/a670l3/what_would_happen_if_you_replaced_scp_983_the/,do my homework,yes,2020-03-10 23:43:00 +0000 UTC
https://www.youtube.com/,work,yes,2020-03-11 00:45:00 +0000 UTC
https://www.reddit.com/r/alaska/comments/c8viky/andrew_yang_ubi_and_alaska/,politics,no,2020-03-11 00:56:00 +0000 UTC
https://www.reddit.com/r/alaska/comments/c8viky/andrew_yang_ubi_and_alaska/,homework,yes,2020-03-11 00:56:00 +0000 UTC
https://www.reddit.com/r/alaska/comments/c8viky/andrew_yang_ubi_and_alaska/,home work,yes,2020-03-11 00:56:00 +0000 UTC
https://www.instagram.com/,work,yes,2020-03-11 03:32:00 +0000 UTC
https://www.instagram.com/,work,yes,2020-03-11 03:32:00 +0000 UTC
https://www.facebook.com/,work,yes,2020-03-11 04:40:00 +0000 UTC
https://www.youtube.com/,work,yes,2020-03-11 05:00:00 +0000 UTC
https://www.instagram.com/,check the name of someone,yes,2020-03-11 05:27:00 +0000 UTC
https://www.instagram.com/,take a break and browse,yes,2020-03-11 05:35:00 +0000 UTC
https://www.facebook.com/,justify my working habits,yes,2020-03-11 05:41:00 +0000 UTC
https://www.facebook.com/,add poeple on facebook,no,2020-03-11 05:53:00 +0000 UTC
https://www.youtube.com/,take a breather,yes,2020-03-11 05:56:00 +0000 UTC
https://www.facebook.com/,look at memories,no,2020-03-11 06:49:00 +0000 UTC
https://www.facebook.com/,wish a friend happy birthday,yes,2020-03-11 06:49:00 +0000 UTC
https://www.facebook.com/marketplace/item/224492658675884/,check out a post,no,2020-03-11 07:02:00 +0000 UTC
https://www.facebook.com/marketplace/item/1413617295465438/,work,yes,2020-03-11 07:02:00 +0000 UTC
https://www.facebook.com/,work,yes,2020-03-11 15:50:00 +0000 UTC
https://www.facebook.com/,wrok,yes,2020-03-11 16:22:00 +0000 UTC
https://www.facebook.com/,take a gander,no,2020-03-11 17:51:00 +0000 UTC
https://www.youtube.com/watch?v=bMSkW8byD3k,study,yes,2020-03-12 02:33:00 +0000 UTC
https://www.youtube.com/watch?v=bMSkW8byD3k,study,yes,2020-03-12 02:33:00 +0000 UTC
https://www.youtube.com/watch?v=bMSkW8byD3k,home work,yes,2020-03-12 02:33:00 +0000 UTC
https://www.youtube.com/watch?v=7hfEUnVyDao,homework,yes,2020-03-12 03:01:00 +0000 UTC
https://www.youtube.com/watch?v=7hfEUnVyDao,study,yes,2020-03-12 03:02:00 +0000 UTC
https://www.youtube.com/watch?v=7hfEUnVyDao,studying,yes,2020-03-12 03:02:00 +0000 UTC
https://www.youtube.com/watch?v=7hfEUnVyDao,home work,yes,2020-03-12 03:03:00 +0000 UTC
https://www.facebook.com/,take a break before working,yes,2020-03-12 03:04:00 +0000 UTC
https://www.youtube.com/,put on something in the background,yes,2020-03-12 03:11:00 +0000 UTC
https://www.youtube.com/watch?v=hpEniOFlxT8,home work,yes,2020-03-12 03:21:00 +0000 UTC
https://www.facebook.com/,take a look at tags,yes,2020-03-12 03:36:00 +0000 UTC
https://www.youtube.com/watch?v=OoIBPIm4T2o,work,yes,2020-03-12 03:58:00 +0000 UTC
https://www.facebook.com/,check up on ellen,no,2020-03-12 04:07:00 +0000 UTC
https://www.youtube.com/results?search_query=developemntal%20eocnomics%20ib&pbjreload=10,learn internationla eocnomics,yes,2020-03-12 07:18:00 +0000 UTC
https://www.youtube.com/results?search_query=developemntal%20eocnomics%20ib&pbjreload=10,learn international economics,yes,2020-03-12 07:18:00 +0000 UTC
https://www.youtube.com/results?search_query=developemntal%20eocnomics%20ib&pbjreload=10,learn international economics,yes,2020-03-12 07:18:00 +0000 UTC
https://www.youtube.com/results?search_query=developemntal%20eocnomics%20ib&pbjreload=10,learn some things about international economics,yes,2020-03-12 07:19:00 +0000 UTC
https://www.youtube.com/,play something in the back whle i get ready,yes,2020-03-12 16:18:00 +0000 UTC
https://www.youtube.com/watch?v=Gv1TswRrMiE,check out an sdc post,yes,2020-03-12 18:11:00 +0000 UTC
https://www.youtube.com/,watch hentai,no,2020-03-12 18:13:00 +0000 UTC
https://www.youtube.com/,train my nlp model,yes,2020-03-12 18:15:00 +0000 UTC
https://www.youtube.com/,learn how to convert tensors into eigenvectors,yes,2020-03-12 18:15:00 +0000 UTC
https://www.youtube.com/,relax,yes,2020-03-12 18:16:00 +0000 UTC
https://www.youtube.com/,i have finished my homework so i will take a break for 30 min,yes,2020-03-12 18:16:00 +0000 UTC
https://www.youtube.com/watch?v=yfc7217q3Jg,learn something new,yes,2020-03-12 20:34:00 +0000 UTC
https://www.youtube.com/,take a break,yes,2020-03-12 21:10:00 +0000 UTC
https://www.facebook.com/,find a lawyer for a friend,yes,2020-03-12 21:19:00 +0000 UTC
https://www.youtube.com/watch?v=-esvNS0aekA,watch n episode of snl,no,2020-03-12 22:13:00 +0000 UTC
https://www.youtube.com/watch?v=-esvNS0aekA,watch an episode of snl,no,2020-03-12 22:13:00 +0000 UTC
https://www.youtube.com/watch?v=-esvNS0aekA,watch an episode of snl for fun,no,2020-03-12 22:13:00 +0000 UTC
https://www.youtube.com/watch?v=-esvNS0aekA,take a look at some comedy videos,no,2020-03-12 22:13:00 +0000 UTC
https://www.facebook.com/,browse mindlessly,no,2020-03-12 23:10:00 +0000 UTC
https://www.youtube.com/,avoid reality,no,2020-03-12 23:24:00 +0000 UTC
https://www.youtube.com/,take a break,yes,2020-03-12 23:24:00 +0000 UTC
https://www.facebook.com/,check up on a sdc facebook post,yes,2020-03-13 02:40:00 +0000 UTC
https://www.youtube.com/,listen to video about econ,yes,2020-03-13 02:58:00 +0000 UTC
https://www.youtube.com/,learn about economics,yes,2020-03-13 02:58:00 +0000 UTC
https://www.facebook.com/,make a facebook post,yes,2020-03-13 03:31:00 +0000 UTC
https://www.facebook.com/,make sure the world is ok,no,2020-03-13 03:55:00 +0000 UTC
https://www.messenger.com/,to check up on friends,yes,2020-03-13 05:31:00 +0000 UTC
https://www.facebook.com/,check the sdc group chat,yes,2020-03-13 05:32:00 +0000 UTC
https://www.facebook.com/,work,yes,2020-03-13 06:19:00 +0000 UTC
https://www.facebook.com/,look at news,no,2020-03-13 17:20:00 +0000 UTC
https://www.facebook.com/,do work,yes,2020-03-13 17:20:00 +0000 UTC
https://www.messenger.com/,take a break from grinding econ,yes,2020-03-13 17:32:00 +0000 UTC
https://www.facebook.com/,take a break form grinding,yes,2020-03-13 18:09:00 +0000 UTC
https://www.facebook.com/,work,yes,2020-03-13 19:49:00 +0000 UTC
https://www.youtube.com/,waste time,no,2020-03-13 19:49:00 +0000 UTC
https://www.youtube.com/,work,yes,2020-03-13 19:50:00 +0000 UTC
https://www.facebook.com/,work,yes,2020-03-13 19:58:00 +0000 UTC
https://www.facebook.com/CAIMUN2020/,work,yes,2020-03-13 20:04:00 +0000 UTC
https://www.instagram.com/this_is_harm_reduction/?hl=en,work,yes,2020-03-13 20:06:00 +0000 UTC
https://www.youtube.com/?pbjreload=10,take a break because school is off,yes,2020-03-14 00:17:00 +0000 UTC
https://www.facebook.com/,facebook browse for a bit,no,2020-03-14 00:58:00 +0000 UTC
https://www.messenger.com/,talk to luka about how his day went,no,2020-03-14 01:04:00 +0000 UTC
https://www.messenger.com/,talk to a friend,no,2020-03-14 01:04:00 +0000 UTC
https://www.messenger.com/,check up on friends,no,2020-03-14 01:28:00 +0000 UTC
https://www.messenger.com/videocall/incall/?peer_id=100007658501993&call_id=3684984010&is_caller=1&audio_only=0&nonce=f6b454cfbfaf6c&initialize_video=1&ext=1584150242&hash=AeSoKbjfSZ_uhCF7,call luka while he walks,no,2020-03-14 01:34:00 +0000 UTC
https://www.messenger.com/videocall/incall/?peer_id=100007658501993&call_id=3684984010&is_caller=1&audio_only=0&nonce=f6b454cfbfaf6c&initialize_video=1&ext=1584150242&hash=AeSoKbjfSZ_uhCF7,talk to luka before he leaves campus,yes,2020-03-14 01:34:00 +0000 UTC
https://www.messenger.com/videocall/incall/?peer_id=100007658501993&call_id=3684984010&is_caller=1&audio_only=0&nonce=f6b454cfbfaf6c&initialize_video=1&ext=1584150242&hash=AeSoKbjfSZ_uhCF7,talk to a friend,no,2020-03-14 01:34:00 +0000 UTC
https://www.messenger.com/,hop in a call,no,2020-03-14 02:31:00 +0000 UTC
https://www.messenger.com/,hop in a call with some friends,no,2020-03-14 02:31:00 +0000 UTC
https://www.messenger.com/,ask david a question,no,2020-03-14 03:18:00 +0000 UTC
https://www.facebook.com/,text a new person,no,2020-03-14 04:35:00 +0000 UTC
https://www.messenger.com/,talk to allen lu,no,2020-03-14 04:36:00 +0000 UTC
https://www.messenger.com/,talk to a new friend,no,2020-03-14 04:36:00 +0000 UTC
https://www.messenger.com/,tell alison about my epic fail,no,2020-03-14 04:52:00 +0000 UTC
https://www.messenger.com/,tell alison about how i misspelled a very important term,no,2020-03-14 04:52:00 +0000 UTC
https://www.messenger.com/,ask david a question,no,2020-03-14 05:42:00 +0000 UTC
https://www.messenger.com/,send a message to kate,no,2020-03-14 05:55:00 +0000 UTC
https://www.facebook.com/,checking on sdc facebook,no,2020-03-14 05:56:00 +0000 UTC
https://www.messenger.com/,find motivation to keep working,no,2020-03-14 06:34:00 +0000 UTC
https://www.messenger.com/,find motivation to work,no,2020-03-14 06:34:00 +0000 UTC
https://www.facebook.com/,work on a facebook post,yes,2020-03-14 06:36:00 +0000 UTC
https://www.messenger.com/,talk to friends,no,2020-03-14 07:17:00 +0000 UTC
https://www.messenger.com/,talk to people on the team,yes,2020-03-14 07:17:00 +0000 UTC
https://www.facebook.com/,take a break from working,yes,2020-03-14 07:19:00 +0000 UTC
https://www.messenger.com/,check on something that i handed in,yes,2020-03-14 07:49:00 +0000 UTC
https://www.messenger.com/,talk to friends to celebrate handing in my econ paper,no,2020-03-14 13:50:00 +0000 UTC
https://www.messenger.com/,celebrate handing in an assignment,no,2020-03-14 13:50:00 +0000 UTC
https://www.messenger.com/,take a break,yes,2020-03-14 13:50:00 +0000 UTC
https://www.facebook.com/allentzlu,stalk someone's facebook profile,no,2020-03-14 13:56:00 +0000 UTC
https://www.youtube.com/,play some music,no,2020-03-14 14:00:00 +0000 UTC
https://www.youtube.com/,play some music while i browse,no,2020-03-14 14:00:00 +0000 UTC
https://www.youtube.com/,take some notes,yes,2020-03-14 14:00:00 +0000 UTC
https://www.messenger.com/,check on a message i sent,yes,2020-03-14 14:00:00 +0000 UTC
https://www.youtube.com/ElleOfTheMills,show bonny elle mills,no,2020-03-14 16:41:00 +0000 UTC
https://www.youtube.com/ElleOfTheMills,show bonny this cool youtuber,no,2020-03-14 16:41:00 +0000 UTC
https://www.youtube.com/ElleOfTheMills,show a friend cool things,no,2020-03-14 16:41:00 +0000 UTC
https://www.facebook.com/,check on the sdc groupcaht,yes,2020-03-14 17:15:00 +0000 UTC
https://www.facebook.com/,learn how to be a better person,yes,2020-03-14 17:28:00 +0000 UTC
https://www.messenger.com/,show david my spreadsheet,no,2020-03-14 17:50:00 +0000 UTC
https://www.messenger.com/,show something to a friend,no,2020-03-14 17:50:00 +0000 UTC
https://www.messenger.com/,tell david about my video idea,yes,2020-03-14 18:11:00 +0000 UTC
https://www.messenger.com/,tell someone about the video i want to make,yes,2020-03-14 18:11:00 +0000 UTC
https://www.youtube.com/,learn,yes,2020-03-14 18:44:00 +0000 UTC
https://www.youtube.com/,work,yes,2020-03-14 18:44:00 +0000 UTC
https://www.facebook.com/,taking a quick break from programming,yes,2020-03-14 18:47:00 +0000 UTC
https://twitter.com/biogeniusCA?ref_src=twsrc%5Egoogle%7Ctwcamp%5Eserp%7Ctwgr%5Eauthor,work,yes,2020-03-14 20:13:00 +0000 UTC
https://www.youtube.com/watch?v=bMpCHxUkn60,work,yes,2020-03-14 20:13:00 +0000 UTC
https://www.facebook.com/mcgilldebate/,research,yes,2020-03-14 23:16:00 +0000 UTC
https://www.facebook.com/mcgilldebate/,stuff,no,2020-03-14 23:16:00 +0000 UTC
https://www.youtube.com/watch?v=Lc91iQ1Ivjo,relax,no,2020-03-15 01:14:00 +0000 UTC
https://www.youtube.com/watch?v=Lc91iQ1Ivjo,take a break,yes,2020-03-15 01:14:00 +0000 UTC
https://www.facebook.com/,read an article about the spread of coronavirus,no,2020-03-15 01:56:00 +0000 UTC
https://www.youtube.com/,eat ass,no,2020-03-16 03:44:00 +0000 UTC
https://www.youtube.com/,eat cheese,no,2020-03-16 03:44:00 +0000 UTC
https://www.youtube.com/,learn flutter,yes,2020-03-16 03:44:00 +0000 UTC
https://www.youtube.com/,D:,no,2020-03-16 03:44:00 +0000 UTC
https://www.youtube.com/,bro i swear to god let me the fuck in im just tryna watch some goddamn youtube smh,no,2020-03-16 03:44:00 +0000 UTC
https://www.youtube.com/,F U C C,no,2020-03-16 03:44:00 +0000 UTC
https://www.youtube.com/,let me innnnnnn,no,2020-03-16 03:45:00 +0000 UTC
https://www.youtube.com/,sir please i would like to acquire the memes,no,2020-03-16 03:45:00 +0000 UTC
https://www.youtube.com/,pet a shibe,no,2020-03-16 03:55:00 +0000 UTC
https://www.youtube.com/,akdfj;lknvldsvkn;liasvdn'ihsdagpihsdfoihasdkjboduvsbouashdvoudvshdfoih,no,2020-03-16 04:03:00 +0000 UTC
https://www.youtube.com/,i want to see a shiba inu,no,2020-03-16 04:04:00 +0000 UTC
https://www.youtube.com/,buy fooid,no,2020-03-16 04:04:00 +0000 UTC
https://www.youtube.com/,buy clothes,no,2020-03-16 04:04:00 +0000 UTC
https://www.youtube.com/,work,yes,2020-03-16 04:04:00 +0000 UTC
https://www.youtube.com/,a,no,2020-03-16 04:33:00 +0000 UTC
https://www.youtube.com/,test if reflect works,no,2020-03-16 23:13:00 +0000 UTC
https://www.youtube.com/,learn about ML,yes,2020-03-16 23:13:00 +0000 UTC
https://www.reddit.com/,eat a really big pizza],no,2020-03-16 23:14:00 +0000 UTC
http://kissanime.ru/,harbor,no,2020-03-16 23:14:00 +0000 UTC
http://kissanime.ru/,harborrrrrrrrrrr,no,2020-03-16 23:14:00 +0000 UTC
http://kissanime.ru/,asdfadfsadsfadsfa,no,2020-03-16 23:14:00 +0000 UTC
http://kissanime.ru/,eat chicken,no,2020-03-16 23:14:00 +0000 UTC
http://kissanime.ru/,eat a large chicken,no,2020-03-16 23:14:00 +0000 UTC
https://armorgames.com/,smoke big potatoes,no,2020-03-16 23:16:00 +0000 UTC
https://armorgames.com/,smoke huge potatoes,no,2020-03-16 23:16:00 +0000 UTC
https://armorgames.com/,smoke a large potato,no,2020-03-16 23:16:00 +0000 UTC
https://www.facebook.com/,cherish a green potato,no,2020-03-16 23:16:00 +0000 UTC
https://twitter.com/home,aaaaaaaaaaaaaaaaaaaaaaaaa,no,2020-03-16 23:18:00 +0000 UTC
https://twitter.com/home,asdf adsf asdf adsf asd fas dfas df,no,2020-03-16 23:18:00 +0000 UTC
https://twitter.com/home,asfdoainds oqjefoqwidnkasdiof aosdifk aoef awpeidfk asljdf,no,2020-03-16 23:18:00 +0000 UTC
https://www.facebook.com/groups/NextGenOnlineGroup/,access a specific message,yes,2020-03-17 00:29:00 +0000 UTC
https://www.reddit.com/,checking updates on COVID,no,2020-03-17 02:49:00 +0000 UTC
https://twitter.com/ju_sung_lee,look at jusung lee,no,2020-03-17 03:24:00 +0000 UTC
https://twitter.com/ju_sung_lee,look at large jusung lee,no,2020-03-17 03:24:00 +0000 UTC
https://twitter.com/ju_sung_lee,work on jusung lee,no,2020-03-17 03:24:00 +0000 UTC
https://www.facebook.com/,just check notifications,no,2020-03-17 16:49:00 +0000 UTC
https://www.facebook.com/,catch up with my friends,no,2020-03-17 16:49:00 +0000 UTC
https://armorgames.com/rogue-fable-iii-game/18602,figure out how to complete all 5 challenges,yes,2020-03-17 16:52:00 +0000 UTC
https://www.youtube.com/,testing out if reflect works,no,2020-03-17 17:13:00 +0000 UTC
http://kissanime.ru/,figure out how the shield girl runs her clan,no,2020-03-17 17:19:00 +0000 UTC
https://www.youtube.com/,listen to lofi beats,yes,2020-03-17 18:57:00 +0000 UTC
https://www.youtube.com/,get into the right mood for studying,no,2020-03-17 18:57:00 +0000 UTC
https://twitter.com/home,like Andrew Yang's most recent post,no,2020-03-17 19:10:00 +0000 UTC
https://www.youtube.com/,listen to lo-fi beats,yes,2020-03-17 19:15:00 +0000 UTC
https://www.youtube.com/,listen to lo-fi beat,yes,2020-03-17 19:15:00 +0000 UTC
https://www.youtube.com/,lo-fi beat,yes,2020-03-17 19:15:00 +0000 UTC
https://www.facebook.com/,look at memes,no,2020-03-18 02:59:00 +0000 UTC
https://www.facebook.com/,update myself with news,no,2020-03-18 03:00:00 +0000 UTC
https://www.instagram.com/,work,yes,2020-03-18 03:18:00 +0000 UTC
https://www.youtube.com/watch?v=p3YdcQg7cE8,taking a break,yes,2020-03-18 03:26:00 +0000 UTC
https://www.facebook.com/emmakim02,contact my project group,yes,2020-03-18 03:28:00 +0000 UTC
https://www.instagram.com/,go on instagram,no,2020-03-18 03:28:00 +0000 UTC
https://www.instagram.com/,watch a video,no,2020-03-18 03:29:00 +0000 UTC
https://www.youtube.com/,learn how to play an instrument,yes,2020-03-18 03:29:00 +0000 UTC
https://www.youtube.com/,learn,yes,2020-03-18 03:29:00 +0000 UTC
https://www.youtube.com/,learn how to play the guitar,yes,2020-03-18 03:29:00 +0000 UTC
https://armorgames.com/,win as a barbarian,no,2020-03-18 17:36:00 +0000 UTC
https://www.youtube.com/,get updates from trevor noah,no,2020-03-18 17:46:00 +0000 UTC
https://www.reddit.com/r/SSBM/comments/30rwoc/creating_the_melee_20xx_iso_in_3_minutes/,create the 20xx iso for melee,yes,2020-03-18 22:30:00 +0000 UTC
https://www.youtube.com/watch?time_continue=18&v=Ymk2HQZaDmA&feature=emb_title,create the 20xx iso,yes,2020-03-18 22:30:00 +0000 UTC
https://www.facebook.com/,work,no,2020-03-18 22:57:00 +0000 UTC
http://kissanime.ru/,see bofuri,no,2020-03-18 23:42:00 +0000 UTC
http://kissanime.ru/,learn about bofuri,yes,2020-03-18 23:42:00 +0000 UTC
https://kissanime.ru/,take a break,yes,2020-03-19 00:08:00 +0000 UTC
https://www.reddit.com/r/Re_Zero/comments/4syzgi/why_does_emilia_say_her_name_is_satella_when/,learn why emilia called herself satella,no,2020-03-19 00:39:00 +0000 UTC
https://www.reddit.com/r/Re_Zero/comments/4syzgi/why_does_emilia_say_her_name_is_satella_when/,learn why emilia called herself satella,no,2020-03-19 00:40:00 +0000 UTC
https://www.reddit.com/r/Re_Zero/comments/4syzgi/why_does_emilia_say_her_name_is_satella_when/,read why emilia called herself satella,no,2020-03-19 00:40:00 +0000 UTC
https://www.reddit.com/r/Re_Zero/comments/4syzgi/why_does_emilia_say_her_name_is_satella_when/,learn about emilia's choice to call herself satella,no,2020-03-19 00:40:00 +0000 UTC
https://www.youtube.com/watch?v=uv4Hh3wDH14,work,yes,2020-03-19 22:14:00 +0000 UTC
https://www.linkedin.com/in/jennifer-tsai-23356718a/,take a break,yes,2020-03-20 04:51:00 +0000 UTC
https://www.youtube.com/watch?v=4oIn_qILKSk,learn,yes,2020-03-20 18:58:00 +0000 UTC
https://www.youtube.com/watch?v=4oIn_qILKSk,research,yes,2020-03-20 18:58:00 +0000 UTC
https://www.youtube.com/watch?v=4oIn_qILKSk,work,yes,2020-03-20 18:58:00 +0000 UTC
https://www.youtube.com/watch?v=g_iQjjh3pLk,work,yes,2020-03-20 19:14:00 +0000 UTC
https://www.youtube.com/watch?v=nuPZUUED5uk,work,yes,2020-03-20 19:36:00 +0000 UTC
https://www.facebook.com/,rest,no,2020-03-20 22:35:00 +0000 UTC
https://www.facebook.com/,break,yes,2020-03-20 22:35:00 +0000 UTC
https://www.youtube.com/watch?v=2s-shdnsx4g,work,yes,2020-03-20 22:35:00 +0000 UTC
https://www.facebook.com/,work,yes,2020-03-20 23:34:00 +0000 UTC
https://www.facebook.com/groups/841903382944884/?notif_t=group_invited_to_group,help ppl,yes,2020-03-20 23:58:00 +0000 UTC
https://www.facebook.com/groups/841903382944884/?notif_t=group_invited_to_group,work,yes,2020-03-20 23:58:00 +0000 UTC
https://www.instagram.com/share.the.goods/,work,yes,2020-03-21 00:03:00 +0000 UTC
https://www.instagram.com/share.the.goods/,work,yes,2020-03-21 00:11:00 +0000 UTC
https://www.youtube.com/watch?v=iJt5Us_kQj0,work,yes,2020-03-21 01:10:00 +0000 UTC
https://www.facebook.com/,work,yes,2020-03-21 03:27:00 +0000 UTC
https://www.linkedin.com/in/jennifer-tsai-23356718a/,work,yes,2020-03-21 04:37:00 +0000 UTC
https://www.facebook.com/,work,yes,2020-03-21 04:40:00 +0000 UTC
https://www.facebook.com/,nvm,no,2020-03-21 05:33:00 +0000 UTC
https://www.facebook.com/,dohomework,yes,2020-03-21 05:34:00 +0000 UTC
https://www.facebook.com/,homework,yes,2020-03-21 05:34:00 +0000 UTC
https://www.facebook.com/,home work,yes,2020-03-21 05:34:00 +0000 UTC
https://www.facebook.com/,take a break,yes,2020-03-21 06:18:00 +0000 UTC
https://www.facebook.com/groups/fy2021,work,yes,2020-03-21 17:18:00 +0000 UTC
https://twitter.com/aaaalexwuu/status/1240733156916858880?cn=ZmxleGlibGVfcmVjc18y&refsrc=email,rest,no,2020-03-21 18:23:00 +0000 UTC
https://twitter.com/aaaalexwuu/status/1240733156916858880?cn=ZmxleGlibGVfcmVjc18y&refsrc=email,taking a break,yes,2020-03-21 18:23:00 +0000 UTC
https://www.reddit.com/,get updates on the freedom dividend,no,2020-03-21 21:16:00 +0000 UTC
https://armorgames.com/,epically battle,no,2020-03-21 21:26:00 +0000 UTC
https://armorgames.com/,battle in a fantasy,no,2020-03-21 21:27:00 +0000 UTC
https://armorgames.com/,epic worlds,no,2020-03-21 21:27:00 +0000 UTC
https://armorgames.com/,apple bottom jans,no,2020-03-21 21:27:00 +0000 UTC
https://armorgames.com/,add apples to my bottom jeans,no,2020-03-21 21:27:00 +0000 UTC
https://armorgames.com/,create the apple bottme jean,no,2020-03-21 21:27:00 +0000 UTC
https://www.youtube.com/,exercise,yes,2020-03-21 22:01:00 +0000 UTC
https://www.youtube.com/,taking a break,yes,2020-03-21 22:01:00 +0000 UTC
https://www.facebook.com/,get through and learn something,yes,2020-03-21 22:52:00 +0000 UTC
https://www.youtube.com/,get some work done,yes,2020-03-21 22:54:00 +0000 UTC
https://www.youtube.com/watch?v=ZSD0CTK_Ulg&feature=youtu.be,check out an orientaion video,yes,2020-03-21 23:10:00 +0000 UTC
http://kissanime.ru/,get updated on bofuri,no,2020-03-21 23:24:00 +0000 UTC
https://armorgames.com/play/18869/epic-battle-fantasy-5?via-search=1,complete my quests,no,2020-03-21 23:28:00 +0000 UTC
https://armorgames.com/play/18869/epic-battle-fantasy-5?via-search=1,complete my work,no,2020-03-21 23:28:00 +0000 UTC
https://www.facebook.com/,tag friends in a post,no,2020-03-21 23:39:00 +0000 UTC
https://www.facebook.com/,have a good time,no,2020-03-22 00:03:00 +0000 UTC
https://www.youtube.com/watch?v=edEr3-FnPbw,work,yes,2020-03-22 00:19:00 +0000 UTC
https://www.facebook.com/,work,yes,2020-03-22 00:41:00 +0000 UTC
https://www.youtube.com/,work out with a video,yes,2020-03-22 01:09:00 +0000 UTC
https://www.facebook.com/,check in with friends,yes,2020-03-22 01:43:00 +0000 UTC
https://www.reddit.com/,set up netplay,yes,2020-03-22 02:05:00 +0000 UTC
https://www.reddit.com/,set up nets,yes,2020-03-22 02:06:00 +0000 UTC
https://www.reddit.com/,build a house,yes,2020-03-22 02:06:00 +0000 UTC
https://armorgames.com/play/18869/epic-battle-fantasy-5?via-search=1,finish what I started,yes,2020-03-22 02:26:00 +0000 UTC
https://www.facebook.com/,check on my feed before i start editing,yes,2020-03-22 02:49:00 +0000 UTC
https://www.facebook.com/,work,yes,2020-03-22 02:57:00 +0000 UTC
https://www.facebook.com/,learn,yes,2020-03-22 06:19:00 +0000 UTC
https://www.facebook.com/,learn,yes,2020-03-22 06:19:00 +0000 UTC
https://www.facebook.com/,learn,yes,2020-03-22 06:19:00 +0000 UTC
https://twitter.com/foundedco,find a job,yes,2020-03-22 20:25:00 +0000 UTC
https://twitter.com/foundedco,job,yes,2020-03-22 21:20:00 +0000 UTC
https://twitter.com/foundedco,find a job,yes,2020-03-22 21:20:00 +0000 UTC
https://www.facebook.com/upsiide/,find a job,yes,2020-03-22 21:30:00 +0000 UTC
https://www.youtube.com/,rest,yes,2020-03-23 01:19:00 +0000 UTC
https://www.youtube.com/,taking a break,yes,2020-03-23 01:19:00 +0000 UTC
https://www.youtube.com/channel/UCHn2-DNS5t4tEXqBK5bHmTQ,take a break,yes,2020-03-23 03:32:00 +0000 UTC
https://www.youtube.com/,finding a job,yes,2020-03-23 04:10:00 +0000 UTC
https://www.facebook.com/,connecting with a friend,yes,2020-03-23 05:48:00 +0000 UTC
https://twitter.com/home,take a break,yes,2020-03-23 05:50:00 +0000 UTC
https://www.instagram.com/,get a photo for my cas reflection,yes,2020-03-23 19:57:00 +0000 UTC
https://twitter.com/EPAMSYSTEMS,find a job,yes,2020-03-23 20:01:00 +0000 UTC
https://www.youtube.com/watch?v=zGEaasyjM5E,watch a video from a friend,no,2020-03-23 20:07:00 +0000 UTC
https://www.youtube.com/channel/UCG-KntY7aVnIGXYEBQvmBAQ,get the link for Thomas Frank to send to a coworker,yes,2020-03-23 20:18:00 +0000 UTC
https://www.facebook.com/,notice the good stuff in life,no,2020-03-23 21:02:00 +0000 UTC
https://www.youtube.com/,watching something while i eata,yes,2020-03-23 21:10:00 +0000 UTC
https://www.youtube.com/,just take a break,yes,2020-03-23 21:31:00 +0000 UTC
https://www.facebook.com/,check up one last time,no,2020-03-23 22:06:00 +0000 UTC
https://www.facebook.com/,check group numbers,yes,2020-03-23 22:13:00 +0000 UTC
https://www.facebook.com/groups/cs50,join a facebook group,no,2020-03-23 22:22:00 +0000 UTC
https://www.youtube.com/watch?v=Hz4FNBj1APA,learn about the artof war,yes,2020-03-23 22:31:00 +0000 UTC
https://www.facebook.com/,look at the Next Gen model to see how it might be useful,yes,2020-03-23 22:49:00 +0000 UTC
https://www.facebook.com/,examine Next Gen,yes,2020-03-23 22:49:00 +0000 UTC
https://www.facebook.com/,take a rbeak,yes,2020-03-23 22:49:00 +0000 UTC
https://www.youtube.com/watch?v=2R4i4Dh5qYQ&feature=youtu.be,learn cs50,yes,2020-03-23 22:56:00 +0000 UTC
https://www.youtube.com/watch?v=2R4i4Dh5qYQ&feature=youtu.be,learn something ne,yes,2020-03-23 22:56:00 +0000 UTC
https://www.facebook.com/,taking a brek,yes,2020-03-23 23:14:00 +0000 UTC
https://www.youtube.com/watch?v=eYDI8b5Nn5s&list=RDeYDI8b5Nn5s&start_radio=1,check out a song,no,2020-03-24 00:03:00 +0000 UTC
https://www.youtube.com/,learn a new skill,yes,2020-03-24 02:07:00 +0000 UTC
https://www.youtube.com/watch?v=TSNR0wf9Qug,learn a skilll,yes,2020-03-24 02:46:00 +0000 UTC
https://www.facebook.com/watch/?v=675432239896863,give a like,no,2020-03-24 02:46:00 +0000 UTC
https://armorgames.com/play/18869/epic-battle-fantasy-5?via-search=1,complete my quest,no,2020-03-24 02:47:00 +0000 UTC
https://armorgames.com/play/18869/epic-battle-fantasy-5?via-search=1,finish the battle,no,2020-03-24 02:47:00 +0000 UTC
https://armorgames.com/play/18869/epic-battle-fantasy-5?via-search=1,finish the large battle,no,2020-03-24 02:47:00 +0000 UTC
https://armorgames.com/play/18869/epic-battle-fantasy-5?via-search=1,finish the final quest,no,2020-03-24 02:47:00 +0000 UTC
https://armorgames.com/play/18869/epic-battle-fantasy-5?via-search=1,cook a large cow,no,2020-03-24 02:47:00 +0000 UTC
https://www.youtube.com/,take a break,yes,2020-03-24 03:46:00 +0000 UTC
https://www.facebook.com/,find a quote,yes,2020-03-24 04:10:00 +0000 UTC
https://www.facebook.com/,find a quote to sho,yes,2020-03-24 04:10:00 +0000 UTC
https://www.facebook.com/,work,yes,2020-03-24 04:11:00 +0000 UTC
https://armorgames.com/play/18869/epic-battle-fantasy-5?fp=ng,take a berak,yes,2020-03-24 05:11:00 +0000 UTC
https://www.facebook.com/,taking a break,yes,2020-03-24 06:06:00 +0000 UTC
https://www.youtube.com/watch?v=Viibm00z6v0,show aron a video,no,2020-03-24 17:07:00 +0000 UTC
https://www.youtube.com/watch?v=Viibm00z6v0,show aron a video about super mario brothers,no,2020-03-24 17:08:00 +0000 UTC
https://www.youtube.com/watch?v=Viibm00z6v0,work,yes,2020-03-24 17:08:00 +0000 UTC
https://www.facebook.com/,what is going on,no,2020-03-24 17:14:00 +0000 UTC
https://www.facebook.com/,talk to friends,no,2020-03-24 17:58:00 +0000 UTC
https://www.facebook.com/,check hack the north,no,2020-03-24 18:04:00 +0000 UTC
https://twitter.com/tsuu019,taking a break,yes,2020-03-24 18:04:00 +0000 UTC
https://www.youtube.com/,find a job,yes,2020-03-24 18:13:00 +0000 UTC
https://www.facebook.com/events/2854522604576766/,show a logo,yes,2020-03-24 18:38:00 +0000 UTC
https://www.facebook.com/,learn how to get better at readng,yes,2020-03-24 18:57:00 +0000 UTC
https://www.facebook.com/ndashyoung/posts/2566046550316885,check out an interseting post,yes,2020-03-24 21:23:00 +0000 UTC
https://www.youtube.com/watch?v=_3NCDf7pplc&feature=youtu.be,do a workout,yes,2020-03-25 00:21:00 +0000 UTC
https://www.youtube.com/watch?v=6TmQiugy_qw&feature=youtu.be,work out,yes,2020-03-25 00:49:00 +0000 UTC
https://www.facebook.com/,trying to take a break,yes,2020-03-25 03:05:00 +0000 UTC
https://www.facebook.com/,get to know a new friend,yes,2020-03-25 04:35:00 +0000 UTC
https://www.facebook.com/ndashyoung/posts/2566046550316885?comment_id=2566578160263724&notif_id=1585091416485403&notif_t=feedback_reaction_generic&ref=notif,check on a facebook post,no,2020-03-25 04:40:00 +0000 UTC
https://www.instagram.com/,check out a pos,no,2020-03-25 05:06:00 +0000 UTC
https://www.youtube.com/,break,yes,2020-03-25 05:17:00 +0000 UTC
https://www.youtube.com/,learn about machine leanrng,yes,2020-03-25 05:19:00 +0000 UTC
https://www.facebook.com/,find a friend,no,2020-03-25 06:23:00 +0000 UTC
https://www.youtube.com/watch?v=iwNUJU5D3aI&feature=youtu.be,learn a skill,yes,2020-03-25 06:32:00 +0000 UTC
https://www.facebook.com/onlineprinceton/,follow my online course,yes,2020-03-25 16:27:00 +0000 UTC
https://www.facebook.com/onlineprinceton/,take a look at a page from online course,yes,2020-03-25 16:27:00 +0000 UTC
https://www.youtube.com/watch?v=4__vwHL6mAs,listen to a song for my course,yes,2020-03-25 16:55:00 +0000 UTC
https://twitter.com/daneson,take a rbeak,yes,2020-03-25 17:04:00 +0000 UTC
https://www.youtube.com/watch?v=YaDvRdLMkHs,watch a video on existentialism,yes,2020-03-25 17:32:00 +0000 UTC
https://www.youtube.com/,learning something new,yes,2020-03-25 17:34:00 +0000 UTC
https://www.youtube.com/watch?v=mCRQbS43Ndk,look up a avideo given by my course,yes,2020-03-25 18:38:00 +0000 UTC
https://www.youtube.com/watch?v=IQF6QFEY4Ps,also a video from the class im tkaing,yes,2020-03-25 18:42:00 +0000 UTC
https://www.youtube.com/channel/UCCgLoMYIyP0U56dEhEL1wXQ?sub_confirmation=1,look at a workout plan,yes,2020-03-25 18:50:00 +0000 UTC
https://www.facebook.com/,see what the world is up to,no,2020-03-25 19:36:00 +0000 UTC
https://www.youtube.com/,take a quick break,yes,2020-03-25 20:31:00 +0000 UTC
https://www.youtube.com/channel/UCyAUw8sY5NN34v-ad6ym49A,watch a video about internships,yes,2020-03-25 22:43:00 +0000 UTC
https://www.youtube.com/channel/UCyAUw8sY5NN34v-ad6ym49A,watch a video about what my day may potentially look like if i go to waterloo,yes,2020-03-25 22:43:00 +0000 UTC
https://www.youtube.com/watch?v=JDiurjhpOXA,learn something,yes,2020-03-25 23:17:00 +0000 UTC
https://www.youtube.com/watch?v=RZ-uV72pQKI,listen to a song,yes,2020-03-25 23:35:00 +0000 UTC
https://twitter.com/Andrewhochradel?ref_src=twsrc%5Egoogle%7Ctwcamp%5Eserp%7Ctwgr%5Eauthor,take a break,yes,2020-03-26 00:16:00 +0000 UTC
https://www.facebook.com/events/572235123501297/,take a break,yes,2020-03-26 00:17:00 +0000 UTC
https://www.instagram.com/tv/B-LSR_DgdV7/?igshid=id9jvvaxqaom,watch davids vlog,no,2020-03-26 00:50:00 +0000 UTC
https://www.instagram.com/tv/B-LSR_DgdV7/?igshid=id9jvvaxqaom,work,yes,2020-03-26 00:50:00 +0000 UTC
https://www.youtube.com/watch?v=EJ8XxPvCG0U&feature=youtu.be,work out to a youtube video,yes,2020-03-26 00:55:00 +0000 UTC
https://www.facebook.com/,check messages,no,2020-03-26 01:45:00 +0000 UTC
https://www.youtube.com/watch?v=UB1O30fR-EE,get more info ona  subject,yes,2020-03-26 01:50:00 +0000 UTC
https://www.facebook.com/,test out the new function,yes,2020-03-26 03:16:00 +0000 UTC
https://www.facebook.com/,work on stuff,yes,2020-03-26 03:28:00 +0000 UTC
https://www.facebook.com/,fa,no,2020-03-26 04:39:00 +0000 UTC
https://www.facebook.com/,make an announcement,yes,2020-03-26 04:39:00 +0000 UTC
https://www.facebook.com/,work,yes,2020-03-26 04:50:00 +0000 UTC
https://www.facebook.com/,taking a break,yes,2020-03-26 05:43:00 +0000 UTC
https://www.facebook.com/,check on a team post,yes,2020-03-26 05:56:00 +0000 UTC
https://www.linkedin.com/in/iman-lahouaoula-829b68158/,work,yes,2020-03-26 06:19:00 +0000 UTC
https://www.linkedin.com/in/kirk-fisher-73a19b14/,work,yes,2020-03-26 06:26:00 +0000 UTC
https://www.linkedin.com/in/allanbaedak,work,yes,2020-03-26 07:13:00 +0000 UTC
https://www.linkedin.com/company/sos-children%27s-village-bc?originalSubdomain=ca,work,yes,2020-03-26 07:25:00 +0000 UTC
https://twitter.com/sassyawards?lang=en,work,yes,2020-03-26 07:53:00 +0000 UTC
https://www.youtube.com/,getting to know more about void,yes,2020-03-26 17:43:00 +0000 UTC
https://www.facebook.com/,im having a great time over here,no,2020-03-26 18:56:00 +0000 UTC
https://www.youtube.com/,learn css,yes,2020-03-26 18:57:00 +0000 UTC
https://www.youtube.com/,learn how to transform a page,yes,2020-03-26 18:57:00 +0000 UTC
https://www.youtube.com/,take a break from watching a video,yes,2020-03-26 19:54:00 +0000 UTC
https://www.facebook.com/,taking a break,yes,2020-03-26 21:28:00 +0000 UTC
https://www.youtube.com/watch?v=II4V6NT9GB4&feature=youtu.be,work,yes,2020-03-26 21:45:00 +0000 UTC
https://www.facebook.com/,see some news,yes,2020-03-26 21:57:00 +0000 UTC
https://www.facebook.com/,educate myself,yes,2020-03-26 21:57:00 +0000 UTC
https://www.facebook.com/,learn about the world,yes,2020-03-26 21:57:00 +0000 UTC
https://www.linkedin.com/in/jennifer-tsai-23356718a/,work,yes,2020-03-26 22:09:00 +0000 UTC
https://www.youtube.com/,work out,yes,2020-03-27 00:33:00 +0000 UTC
https://www.youtube.com/watch?v=K0zMYHSI2E0,learn how to do something in photoshop,yes,2020-03-27 01:32:00 +0000 UTC
https://www.facebook.com/,check up before i start working,yes,2020-03-27 02:36:00 +0000 UTC
https://www.instagram.com/,check out the latest marketing post,yes,2020-03-27 03:51:00 +0000 UTC
https://www.facebook.com/,to find teammates from past years,yes,2020-03-27 04:10:00 +0000 UTC
https://www.facebook.com/,to find the names of team members from 2017 and 2018,yes,2020-03-27 04:10:00 +0000 UTC
https://www.youtube.com/watch?v=xgOzmV_7gkQ,learn how to make a parallelogram,yes,2020-03-27 05:23:00 +0000 UTC
https://www.facebook.com/,what is going on,no,2020-03-27 07:54:00 +0000 UTC
https://www.youtube.com/,trying to watch some things before i start working,yes,2020-03-27 17:10:00 +0000 UTC
https://www.facebook.com/,get some work done,yes,2020-03-27 18:34:00 +0000 UTC
https://www.instagram.com/,work and test out new feature,yes,2020-03-27 18:36:00 +0000 UTC
https://www.facebook.com/,test out a new function,yes,2020-03-27 18:39:00 +0000 UTC
https://www.facebook.com/,test if a feature works,yes,2020-03-27 18:41:00 +0000 UTC
https://www.youtube.com/watch?v=q87GyhP6WTc&feature=youtu.be,work,yes,2020-03-27 18:51:00 +0000 UTC
https://www.facebook.com/,test out a new feature,yes,2020-03-27 19:01:00 +0000 UTC
https://www.facebook.com/,test out a featyre,yes,2020-03-27 19:07:00 +0000 UTC
https://www.instagram.com/,test out a feature,yes,2020-03-27 19:07:00 +0000 UTC
https://www.facebook.com/,testing out feature,yes,2020-03-27 19:18:00 +0000 UTC
https://www.instagram.com/,work on a new feature,yes,2020-03-27 19:20:00 +0000 UTC
https://www.youtube.com/,get this feature working,yes,2020-03-27 19:24:00 +0000 UTC
https://www.facebook.com/,get some work done,yes,2020-03-27 19:26:00 +0000 UTC
https://www.youtube.com/watch?v=mfiEsbvbpPc&feature=youtu.be,watch a animation video lool,yes,2020-03-27 19:31:00 +0000 UTC
https://www.youtube.com/watch?v=mfiEsbvbpPc&feature=youtu.be,watch a league of legends video for sdc research,no,2020-03-27 19:31:00 +0000 UTC
https://developers.facebook.com/docs/workplace/integrations/custom-integrations/bots/#bottogroupchat,check out what this is,yes,2020-03-27 20:50:00 +0000 UTC
https://twitter.com/jordantinney/status/1243559560742232065,catch up,no,2020-03-27 22:27:00 +0000 UTC
https://twitter.com/jordantinney/status/1243559560742232065,work,yes,2020-03-27 22:27:00 +0000 UTC
https://www.reddit.com/,taking a break,yes,2020-03-28 00:32:00 +0000 UTC
https://www.youtube.com/watch?v=uh4dTLJ9q9o,listen to lava,yes,2020-03-28 01:47:00 +0000 UTC
https://www.youtube.com/watch?v=uh4dTLJ9q9o,take a break,yes,2020-03-28 01:47:00 +0000 UTC
https://www.facebook.com/,take a break,yes,2020-03-28 02:01:00 +0000 UTC
https://www.youtube.com/,take a break,yes,2020-03-28 02:12:00 +0000 UTC
https://www.instagram.com/___thecomeup___/,get a better sense of who this person is,no,2020-03-28 05:13:00 +0000 UTC
https://www.facebook.com/ilmvan/,work,yes,2020-03-28 05:17:00 +0000 UTC
https://armorgames.com/,take a break,yes,2020-03-28 05:27:00 +0000 UTC
https://www.youtube.com/watch?v=ciuj8FBLTQg,music,yes,2020-03-28 05:38:00 +0000 UTC
https://www.youtube.com/watch?v=ciuj8FBLTQg,listening to music,yes,2020-03-28 05:38:00 +0000 UTC
https://www.youtube.com/watch?v=ciuj8FBLTQg,work,yes,2020-03-28 05:39:00 +0000 UTC
http://kissanime.ru/,take a break,yes,2020-03-28 07:08:00 +0000 UTC
https://www.youtube.com/,take a break,yes,2020-03-28 07:33:00 +0000 UTC
https://armorgames.com/,take a break,yes,2020-03-28 10:07:00 +0000 UTC
https://www.youtube.com/,take a break,yes,2020-03-28 17:03:00 +0000 UTC
https://www.reddit.com/,take a break,yes,2020-03-28 18:10:00 +0000 UTC
https://twitter.com/,take a break,yes,2020-03-28 18:11:00 +0000 UTC
http://kissanime.ru/,take a break,yes,2020-03-28 18:16:00 +0000 UTC
https://www.youtube.com/channel/UCF67HQG08QZzrv9Et9ofS7A,take a break,yes,2020-03-28 19:04:00 +0000 UTC
https://www.youtube.com/watch?v=LRhv3xzCORI,learn pictionary,yes,2020-03-28 19:40:00 +0000 UTC
https://www.youtube.com/watch?v=LRhv3xzCORI,learn,yes,2020-03-28 19:40:00 +0000 UTC
https://twitter.com/home,professor assignment,yes,2020-03-28 20:37:00 +0000 UTC
https://twitter.com/home,take a break,yes,2020-03-28 20:37:00 +0000 UTC
https://www.facebook.com/,taking a break,yes,2020-03-28 21:35:00 +0000 UTC
https://www.facebook.com/florie.cai/friends_mutual,taking a break,yes,2020-03-28 21:53:00 +0000 UTC
http://kissanime.ru/,take a break,yes,2020-03-29 00:01:00 +0000 UTC
https://www.youtube.com/,take a break,yes,2020-03-29 00:01:00 +0000 UTC
http://kissanime.ru/,take a real break,yes,2020-03-29 00:18:00 +0000 UTC
https://www.youtube.com/watch?v=LikxFZZO2sk,take a break,yes,2020-03-29 03:18:00 +0000 UTC
https://www.facebook.com/,take a break,yes,2020-03-30 06:45:00 +0000 UTC
https://twitter.com/tommytwm?lang=en,taking a break,yes,2020-03-30 22:08:00 +0000 UTC
https://www.youtube.com/watch?v=H0XScE08hy8,learn something,yes,2020-03-30 23:38:00 +0000 UTC
https://www.youtube.com/watch?v=CYD7f5b_qj4,taking a break,yes,2020-03-30 23:50:00 +0000 UTC
https://www.youtube.com/,taking a break,yes,2020-03-31 00:18:00 +0000 UTC
http://kissanime.ru/,take a break,yes,2020-03-31 01:05:00 +0000 UTC
https://www.youtube.com/watch?v=6Id4INKEwb8,learn something,yes,2020-03-31 01:14:00 +0000 UTC
https://kissanime.ru/Special/AreYouHuman2?reUrl=%2fAnime%2fDorohedoro%2fEpisode-004%3fid%3d166386%26s%3ddefault,take a breakj,yes,2020-03-31 01:39:00 +0000 UTC
https://www.youtube.com/watch?v=6Id4INKEwb8,learning a skill,yes,2020-03-31 01:58:00 +0000 UTC
https://kissanime.ru/Special/AreYouHuman2?reUrl=%2fAnime%2fDorohedoro%2fEpisode-005%3fid%3d166583%26s%3ddefault,take a break,yes,2020-03-31 02:13:00 +0000 UTC
https://twitter.com/BarackObama/status/1245007713387544576?cn=ZmxleGlibGVfcmVjc18y&refsrc=email,read a tweet from obama,no,2020-03-31 17:03:00 +0000 UTC
https://twitter.com/Adobe,taking a break,yes,2020-03-31 17:05:00 +0000 UTC
,ugh I'm going to uninstall this app,no,
,Need a 10 min brain break,yes,
,taking a break from work,yes,
,to do work,yes,
,Im trying to do something productive,yes,
,Here to unwind/relax,yes,
,need to relax,yes,
,Need background noise or music to help me focus,yes,
,I am watching a 5 minute video to take my mind off not being productive :/,yes,
,I'm taking a break,yes,
,I need a quick break from my homework to watch something funny or listen to a good song,yes,
,I don't know anymore T-T,no,
,I'm just bored,no,
,gotta make a linkedin post,yes,
,Im bored/tired and trying to relax,yes,
,Still working,yes,
,relax,yes,
,I am taking a brief break from work,yes,
,"taking a break, need to relax",yes,
,Reddit,no,
,Taking a break :),yes,
,Hi! Im here to momentarily (not momentarily) distract myself from the ongoing pain of writing my backgrounder with the useless and non productive indulging of irrelevant content :),no,
,Im procrastinating,no,
,I deserve a break,yes,
,doing work,yes,
,expanding my knowledge through other people's opinions and perspectives,yes,
,Im trying to check my most recent posts karma,no,
,Im just procrastinating,no,
,Work,yes,
,waste time,no,
,need to do work,yes,
,To browse,no,
,This is not for entertainment purposes,no,
,I dont really know,no,
,Watch videos,no,
,trying to make a post for a project,yes,
,post something for the company,yes,
,I need to post a marketing post or ask questions to my group for a class project,yes,
,asdlkfjasd,no,
,I don't know,no,
,club stuff,yes,
,Taking a break from work,yes,
,Networking or for work,yes,
,I'm looking something up,no,
,I am using Facebook for a project I have to do.,yes,
,"wasting time, procrastinating",no,
,I want to watch a video because I am tired and then I'll go to work,yes,
,its time for a break,yes,
,Im accessing this site for work related reasons.,yes,
,take a break,yes,
,taking a break,yes,
,School,yes,
,to do work,yes,
,reasons,no,
,work,yes,
,sorry.,no,
,Work,yes,
,sdc work,yes,
,Break,no,
,Watch a video,no,
,find a helpful video about a subject I don't understand,yes,
,I need to conduct work.,yes,
,i'm doing some research,yes,
,I am here just to chill a little bit,no,
,Watching a few videos before homework,no,
,Work,yes,
,a break,yes,
,Need to relax,no,
,need to message people about tasks,yes,
,To work,yes,
,Distract myself from how stupid I am,no,
,i need to access my admin page to make a post to outreach an event,yes,
,Break,yes,
,have a mental break,yes,
,Engage my mind,no,
,Just trying to chill,no,
,I'm trying to do work instead of going on social media,no,
,"I don't know what i'm doing anymore, and i want something else to do",no,
,need to message people about tasks,yes,
,taking a break from work,yes,
,I need to stop using this website because it distracts me,no,
,To gather further analytical data,yes,
,for a break,yes,
,i jus wanna distract myself fuck,no,
,Taking a break,yes,
,Trying to interact somewhat socially while maintaining some semblance of work,no,
,For advertisement/work,yes,
,Taking a break from my work,yes,
,Because Im bored and lack motivation to grind,no,
,I'm trying to entertain myself and give myself something to think about apart from my difficult work.,no,
,do actual work,yes,
,A break,yes,
,To watch a video for class,no,
,Working,yes,
,Procrastinating,no,
,YouTube and Netflix,no,
,Im taking a quick break,yes,
,I need a brain break,yes,
,Because Im bored and lack motivation to grind,no,
,habit,no,
,Just trying to procrastinate,no,
,Trying to take a break,yes,
,Noo,no,
,Facebook,no,
,Im here to take a brain break... but not for too long!,yes,
,Relax,no,
,I want to take short breaks but not get distracted for a long time,yes,
,i need a break to just scroll and not think about my work,yes,
,Business,yes,
,Doing work/marketing/promoting,yes,
,Fpr work,yes,
,I want to use Facebook for a short period of time for work!,yes,
,Im trying to listen to Lo-fi beats.,yes,
,"I'm trying to conduct my work on Facebook, not slack off.",yes,
,I need this for homework,yes,
,im disinterested in my work,no,
,procrastination hours :3,no,
,NBA/News,no,
,Im here to get some work done! Hopefully I wont end up getting distracted!,yes,
,"create an event, message group chat",yes,
,to watch videos,no,
,I need a quick break,yes,
,browsing subreddits,no,
,taking a brain break,yes,
,to avoid homework,no,
,I'm here to work on my project,yes,
,To scratch an itch on my mind,no,
,a quick break,yes,
,I'm accessing this platform for work.,yes,
,for a break,yes,
,I'm using Facebook to work,yes,
,I'm just trying to void my want for quick entertainment before fully settling down to work.,no,
,work,yes,
,"5 mins Instagram, 10 mins Facebook, 10 mins YouTube",no,
,idk,no,
,Here to procrastinate,no,
,take a quick break,yes,
,"learn, watch khan academy",yes,
,let me in,no,
,I need to advertise something,yes,
,taking a break,yes,
,I'm trying to observe the work of others to avoid having to do my own work.,no,
,Looking at them memes before working,no,
,taking a break from work,yes,
,be quiet,no,
,check something really fast,no,
,To relax,yes,
,qoijxac,no,
,watch a quick video,no,
,Productive procrastination :),no,
,taking a break,yes,
,I'm trying to procrastinate,no,
,take a break,yes,
,I'm trying to watch a video,no,
,To ruin my grades,no,
,to do work,no,
,Need a 10 min brain break,yes,
,im sick of my homework,no,
,playing music,yes,
,taking a break from focus,yes,
,looking at informative videos that may help my assignments,yes,
,Im bored,no,
,i want to take a break and check up on the world a bit,yes,
,take a quick-breather and destress from work!,yes,
,"I have worked for a while and in order to destress, I will take some time off on Reddit",yes,
,Quick entertainment,no,
,trying to ease some stress,yes,
,hey gimme some break time I gotta see this one post will ya,yes,
,I am taking a short break as I cannot focus unless I do.,yes,
,Quick break,yes,
,i'm being productive,yes,
,facebook for work,yes,
,getting distracted,no,
,reach out,yes,
,Taking a break,yes,
,I don't feel like working and want to do something that doesn't require thinking.,no,
,Work,yes,
,taking a break,yes,
,chill time ig,no,
,Stop don't go there u suck at school focus on Calculus stop wasting your time,no,
,find some soothing music to help me concentrate,yes,
,mEssEngEr is nOt fAcEboOk,no,
,rewind time!,no,
,To be productive,yes,
,Doing work,yes,
,study,yes,
,I need to make a post on Twitter for my job announcing the latest update to our site,yes,
,to do work,yes,
,"You're right, waste",no,
,I'm trying to relax a bit by reading reddit befkre continuing work.,yes,
,need to grab a file,yes,
,socialize,no,
,Marketing for my Hackathon,yes,
,trying to see what my friends are doing,no,
,I would say that I am watching a documentary but I would be going on kdramas after watching my documentary,no,
,work reasons,yes,
,I'm trying to not watch videos,no,
,Its so convenient its a bookmark on google chrome for me,no,
,Break,yes,
,I need to check the A2C subreddit for USC updates,yes,
,Im just here for a short 5 minute work break to reset my mind :),yes,
,hopping on reddit for a few minutes,no,
,for a club,yes,
,Rest time,yes,
,For work,yes,
,I'm trying to do some work,yes,
,Tired of rereading the same topics and would like a break to think of interesting things,yes,
,I finished all my work for today so I'm going to take a break now!,yes,
,im bored and dont want to do work,no,
,music,no,
,trying to make a marketing post,yes,
,Please let me have ten minutes.,no,
,s.dksdkl;,no,
,I'm trying to watch educational videos on YouTube.,yes,
,idk let me innn,no,
,take a mental break,yes,
,i want to watch productivity videos to make me motivated,no,
,getting stuff done,yes,
,Mind refresh,yes,
,Getting updates from local charities/organizations that I take part of,yes,
,use for homework,yes,
,i am trying to take a break on my work,yes,
,Im trying to use this platform for work.,yes,
,listen to music,yes,
,Studied for a few hours and I need a break,yes,
,procrastinate,no,
,getting some advertising done for my club,yes,
,time to scam in debate trade,no,
,Procrastination :(,no,
,taking a break,yes,
,You love miniE more than school go post something on there and attract new attendees before you go back and cry about Calculus,yes,
,To be productive,yes,
,Is okay lol,no,
,I'm trying to give myself something funny to think about so I don't have to think about work.,no,
,To take a break,yes,
,Okay you can take a look at Reddit but only 5 minutes before you get back to work,yes,
,Find a tutorial/how to answer a certain problem,yes,
,i am here to take a 5 minute break on facebook,yes,
,I've given myself a five minute break to relax after working for an hour.,yes,
,work,yes,
,To do something important,yes,
,Taking a break,yes,
,Im trying to take a short break from work.,yes,
,browsing a2c subreddit or some other subreddit not related to classwork,no,
,fail school by watching youtube,no,
,sdlkjasd,no,
,making a quick product post (should take  < 10 min),yes,
,check a message regarding the homework assigment i am working on,yes,
,take a break from homework,yes,
,"Doing actual work, I promise",yes,
,update followers on immigration policy,yes,
,do work,yes,
,To let others know and become interested in what I am trying to do,yes,
,"i am using a distracting site, but only as a tool to advance my work",yes,
,taking a break,yes,
,social media campaigning,yes,
,I'm trying to network,yes,
,I need to post a graphic,yes,
,Im trying to take a break.,yes,
,Need to work,yes,
,procrastination and also memes!!,no,
,Still working,yes,
,Not sure,no,
,trying to ask a question about college apps/see where everyone else is in their college app process,yes,
,watch educational videos because i dont pay attention in class lol,yes,
,need a break,no,
,catch up on latest news,yes,
,take a break,yes,
,Studying,no,
,Have some fun,no,
,Taking a break,yes,
,creating a post for my project,yes,
,Stop it,no,
,I'm taking a short break,yes,
,"Trying to relax, taking a break",yes,
,I'm here to post a marketing thing and I am doing work.,yes,
,Procrastinate,no,
,pokemon go subreddit instagram snapchat messenger,no,
,Get some karma,no,
,I wanna check up on old friends,yes,
,Checking details of assignment,yes,
,I just need a break from my work.,yes,
,relaxing,no,
,not sure,no,
,none of your business,no,
,To take a breather and relax my mind for a bit,yes,
,im actually doing work with marketing,yes,
,I'm bored from working and want a quick break!,yes,
,for some quick entertainment,no,
,Homework help,yes,
,brain break,no,
,Fun,no,
,to procrastinate by watching funny videos,no,
,I'm trying not to waste my name on forums,no,
,watching educational videos,yes,
,"I want to watch history, league of legends, and entertainment videos :(",no,
,Watching videos,no,
,Using Facebook for work,yes,
,I am looking for a way to not have to deal with the assignment that is due for me!!!,no,
,do work,yes,
,Take a break,yes,
,Im trying to get stuff done on my break from work,yes,
,take a break -- I deserve it,yes,
,"instagram, facebook, YouTube",no,
,"a short break between assignments, homework problems, slides.",yes,
,watching videos to study for a test,yes,
,Work,yes,
,Do my work,yes,
,procrastinate on work,no,
,I need to search up a name really quick for a project Im working on,yes,
,I need to make an important post,yes,
,I don't know why,no,
,Im trying to do something productive for my team.,yes,
,mun work,yes,
,break time,yes,
,To make sure I dont miss any important updates from Facebook groups (work related groups),yes,
,binging linus tech tips,no,
,I'm taking a break,yes,
,to scroll through reddit comments,no,
,uh to listen to some songs,no,
,learn something about chemistry,yes,
,learn something about physics,yes,
,learn something about math,yes,
,learn something about calculus,yes,
,do some citations,yes,
,get a better sense of my research subject,yes,
,reach out to a mentor,yes,
,put on a timer,yes,
,check on survey results,yes,
,listen to a ted talk,yes,
,get my zoom pass to enter a class,yes,
,ask a professor about a question,yes,
,work on my problem set,yes,
,watch a video about how to prepare for a test,yes,
,understand the updated curriculum for ap testing,yes,
,learning how to install something for a project,yes,
,looking up calligraphy samples,yes,
,watching a makeup tutorial,no,
,scoping out new trends,no,
,checking on recent instagram post,no,
,messaging friend about something that just happenned,no,
,tracking my amazon purchase,no,
,taking some time off of work to rest,no,
,online shopping,no,
,buying something on amazon,no,
,I want to see something funny,no,
,Work,yes,
,im doing work on the website,yes,
,I'm trying to unwind/relax before starting work again,yes,
,I am taking a 5 minute break on a site that i like to prevent burn out,yes,
,uhhh shut up,no,
,I don't want to work,no,
,need to take a break,yes,
,Gotta get to that VMUN sect group chat,yes,
,To view what other people think on specific subjects,yes,
,taking a break from studying,yes,
,a quick in and out dont catch me slippin,no,
,im taking a little break and want to de stress,yes,
,to browse,no,
,relax,no,
,I want to see what my cousin is up to,no,
,I need to use this website for my work,yes,
,i want to take a few minutes to decompress,yes,
,im tryna read reviews on every spoon known to man,no,
,yall ever just yeet,no,
,Im trying to get extra work done since I have the free time,yes,
,doing work,yes,
,"work is pretty boring, i need to take a quick break I just can't focus atm",yes,
,For free time,no,
,let me in,no,
,i'm trying to study/work on an assignment but i'm stuck/confused and getting discouraged,yes,
,"spotify, messages",yes,
,watching a fun video,no,
,"work Facebook, work Instagram",no,
,I'm doing this as part of my assignment,yes,
,Read something funny,no,
,I want to have fun,no,
,"Facebook, Instagram, YouTube, and Netflix",no,
,watch videos to teach me in areas that I need help in,yes,
,Need it,no,
,check the news,yes,
,memes,no,
,Important post,no,
,need to do work,yes,
,I need to have a brain break and take some time off from studying,yes,
,Study break,yes,
,work to do!,yes,
,do work,yes,
,Just taking a little break,yes,
,reply to a friend about a lab,yes,
,listening to a youtube music playlist,yes,
,goof off as much as possible,no,
,I am not doing work,no,
,ask jacky about my code,yes,
,a a a a a a a a,no,
,text jacky about reflect,yes,
,to watch a khan academy video,yes,
,to watch a crash course video,yes,
,a a a a a a a a a,no,
,,no,
,to watch a lit analysis video,yes,
,make a marketing post for reflect,yes,
,check my gmail for new messages,yes,
,send an email to my prof,yes,
,message a friend about a question,yes,
,slack off and get distracted,no,
,multitask by playing a video in the background,no,
,i i ii i i i ii i i ii i i i,no,
,as as as as as as,no,
,find the prices of a graphing calculator,yes,
,find out why the sky is blue,yes,
,find out why elephants have trunks,yes,
,find japanese cheesecake recipe,yes,
,check on post engagement,yes,
,find out who the voice of alexa is,yes,
,buy groceries online to prevent covid,yes,
,donate to a covid relief fund,yes,
,look at other successful marketing campaigns,yes,
,donate to a go fund me,yes,